name,email,age,gender,City,mobileNumber,customerSegment,role
Buddhika Nelson,user0001@example.com,25,,Kurunegala,799663907,regular_shoppers,user
Crystal Santos,user0002@example.com,65,,,795918360,occasional_shoppers,user
Angela Stewart,user0003@example.com,19,Male,Gampaha,724208709,rare_shoppers,user
Patricia Garcia,user0004@example.com,51,Female,Trincomalee,781216573,frequent_shoppers,user
Cynthia Ray,user0005@example.com,40,Female,Negombo,730517835,frequent_shoppers,user
Buddhika Seneviratne,user0006@example.com,29,Female,Gampaha,794183695,occasional_shoppers,user
Lisa Davis,user0007@example.com,48,Male,Kandy,717635653,frequent_shoppers,user
Timothy Bandara,user0008@example.com,59,Female,Kilinochchi,786726461,regular_shoppers,user
Chamara Ray,user0009@example.com,48,Female,Ratnapura,768754920,frequent_shoppers,user
Carmen Perera,user0010@example.com,28,Female,Ratnapura,722684373,frequent_shoppers,user
Priya Rajapaksa,user0011@example.com,34,Female,Negombo,751638598,regular_shoppers,user
Chamara Wickramasinghe,user0012@example.com,26,Female,Nuwara Eliya,780651318,regular_shoppers,user
Monica Gunasekara,user0013@example.com,50,Male,Anuradhapura,728463709,occasional_shoppers,user
Andrew Santos,user0014@example.com,68,Female,Kilinochchi,792950779,,user
Joel Jayasinghe,user0015@example.com,28,Female,Kurunegala,741880763,frequent_shoppers,user
Carmen Jayasinghe,user0016@example.com,65,Male,Moratuwa,747818761,frequent_shoppers,user
Victoria Perera,user0017@example.com,28,Female,Batticaloa,723769360,regular_shoppers,user
Roshan Herath,user0018@example.com,25,Female,Kilinochchi,756920514,regular_shoppers,user
Angie Garcia,user0019@example.com,50,Male,Trincomalee,797236246,,user
Jessica Dissanayake,user0020@example.com,20,Female,Negombo,712550658,regular_shoppers,user
Mark Ray,user0021@example.com,53,Female,Matara,793592219,frequent_shoppers,user
Michael Santos,user0022@example.com,75,Female,Trincomalee,742287985,regular_shoppers,user
Kavinda Garcia,user0023@example.com,60,Other,Kilinochchi,762405812,occasional_shoppers,user
Lauren Henderson,user0024@example.com,41,Male,Badulla,754629892,occasional_shoppers,user
Joel Henderson,user0025@example.com,39,Male,Gampaha,718469210,regular_shoppers,user
Roshan Seneviratne,user0026@example.com,20,Male,Kandy,782884346,regular_shoppers,user
Lauren Nelson,user0027@example.com,,Male,Kandy,768646621,regular_shoppers,user
Connor De Silva,user0028@example.com,42,Male,Badulla,720593403,regular_shoppers,user
Tammy Jayasinghe,user0029@example.com,29,Male,Matara,769580374,regular_shoppers,user
Crystal Brooks,user0030@example.com,,Male,Batticaloa,795565484,occasional_shoppers,user
Connor Burgess,user0031@example.com,65,Female,Gampaha,796592295,,user
Timothy Burgess,user0032@example.com,54,,Gampaha,781062902,regular_shoppers,user
Timothy Hicks,user0033@example.com,35,Male,Moratuwa,744935501,rare_shoppers,user
Roshan Brooks,user0034@example.com,57,Female,Jaffna,769741812,frequent_shoppers,user
Monica Dissanayake,user0035@example.com,72,Female,Vavuniya,795590648,occasional_shoppers,user
Kimberly Dissanayake,user0036@example.com,32,Male,Moratuwa,784040798,,user
Joel Jayasinghe,user0037@example.com,22,Other,Kilinochchi,752550733,regular_shoppers,user
Chamara Santos,user0038@example.com,61,Male,Vavuniya,717437386,frequent_shoppers,user
Daniel Perera,user0039@example.com,28,Female,Kilinochchi,783932683,occasional_shoppers,user
Linda Davis,user0040@example.com,57,Female,Negombo,785647532,regular_shoppers,user
Cristian Bandara,user0041@example.com,23,,Batticaloa,714064904,occasional_shoppers,user
Kevin Wijesinghe,user0042@example.com,36,Male,Nuwara Eliya,765783806,frequent_shoppers,user
Lauren Brooks,user0043@example.com,56,Female,Badulla,724251766,frequent_shoppers,user
Lisa Adams,user0044@example.com,35,Male,Nuwara Eliya,787535841,regular_shoppers,user
Isuru Rocha,user0045@example.com,28,Female,Matara,742310051,frequent_shoppers,user
Rebecca Fernando,user0046@example.com,21,Female,Moratuwa,745496951,frequent_shoppers,user
Isuru Burgess,user0047@example.com,41,,Vavuniya,770445541,regular_shoppers,user
Buddhika Silva,user0048@example.com,57,Male,Nuwara Eliya,736717096,rare_shoppers,user
Sachini Perera,user0049@example.com,20,,Ratnapura,779190008,regular_shoppers,user
Joel Rocha,user0050@example.com,38,Other,Matara,785554415,regular_shoppers,user
Kim Peterson,user0051@example.com,41,Male,Matara,745638891,occasional_shoppers,user
Chamara Dissanayake,user0052@example.com,55,Female,Kurunegala,742507072,occasional_shoppers,user
Cristian Fernando,user0053@example.com,25,Male,Kalutara,718359252,regular_shoppers,user
Roshan Davis,user0054@example.com,53,Female,Ratnapura,757551594,regular_shoppers,user
Sunil Seneviratne,user0055@example.com,61,Female,Anuradhapura,749945150,regular_shoppers,user
David Wickramasinghe,user0056@example.com,63,Male,Batticaloa,762953249,regular_shoppers,user
Crystal Seneviratne,user0057@example.com,36,,Galle,738720823,regular_shoppers,user
Zachary Bandara,user0058@example.com,53,Male,Trincomalee,741250794,occasional_shoppers,user
Abigail Shaffer,user0059@example.com,63,Female,Vavuniya,736770527,frequent_shoppers,user
Buddhika Stewart,user0060@example.com,59,Female,Trincomalee,733496796,occasional_shoppers,user
Angela Wijesinghe,user0061@example.com,20,Male,Matara,754968591,frequent_shoppers,user
David Brooks,user0062@example.com,52,Female,Kilinochchi,771594457,frequent_shoppers,user
Chamara Nelson,user0063@example.com,18,Female,Anuradhapura,779159799,occasional_shoppers,user
Lisa Santos,user0064@example.com,24,Male,Trincomalee,745835371,,user
Jessica Stewart,user0065@example.com,54,,Trincomalee,777447155,frequent_shoppers,user
Roshan Seneviratne,user0066@example.com,25,Female,Trincomalee,791300905,frequent_shoppers,user
Timothy Garcia,user0067@example.com,48,Female,Trincomalee,780890196,regular_shoppers,user
Roshan Burgess,user0068@example.com,54,Female,Anuradhapura,769302835,frequent_shoppers,user
Daniel Rajapaksa,user0069@example.com,55,Female,Kandy,785000490,regular_shoppers,user
Michael Rajapaksa,user0070@example.com,64,,Colombo,718557710,regular_shoppers,user
Anil Henderson,user0071@example.com,22,Male,Kurunegala,761335545,occasional_shoppers,user
Carmen Herath,user0072@example.com,42,Female,Vavuniya,782109613,occasional_shoppers,user
Connor Perera,user0073@example.com,32,Female,Gampaha,740824989,regular_shoppers,user
Patricia Brooks,user0074@example.com,35,Female,Kandy,719031632,regular_shoppers,user
Shannon Jayasinghe,user0075@example.com,,Female,,717575790,regular_shoppers,user
Joel Perera,user0076@example.com,32,Female,Ratnapura,750332555,occasional_shoppers,user
Linda Henderson,user0077@example.com,55,Female,Kalutara,761157708,frequent_shoppers,user
Sarah Rocha,user0078@example.com,44,Male,Moratuwa,717734153,regular_shoppers,user
Priya Garcia,user0079@example.com,53,Male,Ratnapura,735566010,rare_shoppers,user
Abigail Nelson,user0080@example.com,56,Female,Vavuniya,712058055,regular_shoppers,user
Rebecca Amarasinghe,user0081@example.com,65,Other,Trincomalee,784098828,occasional_shoppers,user
Lisa Seneviratne,user0082@example.com,47,Male,Kilinochchi,752980983,regular_shoppers,user
Rebecca Burgess,user0083@example.com,20,Male,Batticaloa,736332415,regular_shoppers,user
Jessica Adams,user0084@example.com,71,Female,Ratnapura,757268285,occasional_shoppers,user
Jennifer Davis,user0085@example.com,49,Female,Kandy,799686372,occasional_shoppers,user
Abigail Seneviratne,user0086@example.com,,Female,Negombo,718113477,,user
Nethmi Gunasekara,user0087@example.com,57,Female,,746875077,regular_shoppers,user
Anil Stewart,user0088@example.com,,Female,Kurunegala,793185576,frequent_shoppers,user
Sarah Nelson,user0089@example.com,35,Male,Gampaha,720820219,rare_shoppers,user
Chamara Herath,user0090@example.com,20,Male,Kandy,768238367,occasional_shoppers,user
Chamara Dissanayake,user0091@example.com,72,Female,Trincomalee,719978827,occasional_shoppers,user
Sunil Amarasinghe,user0092@example.com,52,Male,Ratnapura,763458386,,user
Gabrielle Stewart,user0093@example.com,33,Female,Vavuniya,720526386,occasional_shoppers,user
Cynthia De Silva,user0094@example.com,21,Male,Nuwara Eliya,770471823,regular_shoppers,user
Kevin Adams,user0095@example.com,42,Female,Galle,721010955,regular_shoppers,user
Linda Davis,user0096@example.com,68,Female,Jaffna,746207439,rare_shoppers,user
Shannon Davis,user0097@example.com,45,Female,Colombo,711656329,regular_shoppers,user
David Garcia,user0098@example.com,23,Female,Trincomalee,746093692,frequent_shoppers,user
Kim Nelson,user0099@example.com,22,Male,Galle,736246038,rare_shoppers,user
Michael Shaffer,user0100@example.com,18,Male,Ratnapura,790961645,regular_shoppers,user
Kumari Ray,user0101@example.com,29,Other,Moratuwa,762738860,occasional_shoppers,user
Timothy Shaffer,user0102@example.com,30,Female,Vavuniya,738138531,,user
Carmen Dissanayake,user0103@example.com,62,Female,Moratuwa,766791272,regular_shoppers,user
Victoria Santos,user0104@example.com,56,Male,Kalutara,782062301,occasional_shoppers,user
Sachini Gunasekara,user0105@example.com,24,Female,Kandy,754506155,regular_shoppers,user
Tammy Shaffer,user0106@example.com,,Female,Trincomalee,713296743,regular_shoppers,user
Lauren Shaffer,user0107@example.com,23,Female,Matara,773909453,occasional_shoppers,user
Shannon Brooks,user0108@example.com,46,Male,Jaffna,732059232,,user
Thilini Adams,user0109@example.com,53,Female,Trincomalee,768000104,regular_shoppers,user
Connor Hill,user0110@example.com,74,Female,Anuradhapura,782060023,occasional_shoppers,user
Kimberly Burgess,user0111@example.com,47,Female,Ratnapura,771453007,regular_shoppers,user
Nethmi Herrera,user0112@example.com,63,Female,Negombo,728972822,regular_shoppers,user
Cynthia Hicks,user0113@example.com,26,Male,Vavuniya,775718640,regular_shoppers,user
David Davis,user0114@example.com,71,Male,Colombo,777838742,frequent_shoppers,user
Chamara Peterson,user0115@example.com,49,Female,Galle,746890134,occasional_shoppers,user
Tricia Silva,user0116@example.com,67,Female,Vavuniya,759239353,regular_shoppers,user
Anil Bandara,user0117@example.com,66,Female,Jaffna,714325890,occasional_shoppers,user
Carmen Nelson,user0118@example.com,70,Female,Trincomalee,791907952,occasional_shoppers,user
Tharaka Garcia,user0119@example.com,26,Female,Badulla,749276764,regular_shoppers,user
David Fernando,user0120@example.com,72,Female,Negombo,798032908,occasional_shoppers,user
Joel Wickramasinghe,user0121@example.com,33,Male,Nuwara Eliya,760354777,regular_shoppers,user
Carmen Santos,user0122@example.com,74,Male,Badulla,722501261,regular_shoppers,user
Isuru Brooks,user0123@example.com,62,Male,Anuradhapura,748063218,occasional_shoppers,user
Jessica Silva,user0124@example.com,54,Female,Kandy,731204188,,user
Carmen Brooks,user0125@example.com,,Male,Negombo,758376818,regular_shoppers,user
Mark Santos,user0126@example.com,75,Male,Trincomalee,773995913,frequent_shoppers,user
Gabrielle Davis,user0127@example.com,51,Male,Jaffna,740728728,regular_shoppers,user
Victoria Santos,user0128@example.com,24,Male,Nuwara Eliya,729173414,occasional_shoppers,user
Gabrielle Perera,user0129@example.com,57,Male,Negombo,721635070,regular_shoppers,user
Shannon Davis,user0130@example.com,55,Male,Negombo,790531692,regular_shoppers,user
Isuru Jayasinghe,user0131@example.com,62,,Matara,749666982,regular_shoppers,user
Chamara Henderson,user0132@example.com,68,Female,Moratuwa,752476240,frequent_shoppers,user
Joel Hicks,user0133@example.com,54,Female,Moratuwa,711851322,occasional_shoppers,user
Mark Ray,user0134@example.com,,Female,Kilinochchi,782016510,regular_shoppers,user
Anil Jayasinghe,user0135@example.com,23,Female,Negombo,768718382,regular_shoppers,user
Isuru Herath,user0136@example.com,33,Male,Kandy,728416255,occasional_shoppers,user
Kumari Hill,user0137@example.com,40,Female,Kurunegala,725845304,occasional_shoppers,user
Angie Rocha,user0138@example.com,35,Male,Galle,786086168,regular_shoppers,user
Jennifer Burgess,user0139@example.com,67,Female,Trincomalee,773319171,frequent_shoppers,user
Timothy Hicks,user0140@example.com,29,Female,Kalutara,720453825,regular_shoppers,user
Kavinda Burgess,user0141@example.com,61,Male,Kandy,751701149,frequent_shoppers,user
Lisa Santos,user0142@example.com,18,Male,Trincomalee,736229153,regular_shoppers,user
Isuru Wijesinghe,user0143@example.com,68,Male,Trincomalee,710196231,regular_shoppers,user
Buddhika Rajapaksa,user0144@example.com,65,Male,Trincomalee,722485824,rare_shoppers,user
Cristian Amarasinghe,user0145@example.com,72,Female,Galle,786211608,regular_shoppers,user
Abigail Garcia,user0146@example.com,26,Male,Nuwara Eliya,741354768,occasional_shoppers,user
Gabrielle Ray,user0147@example.com,67,Male,Gampaha,737868462,frequent_shoppers,user
Carmen Stewart,user0148@example.com,72,Male,Kandy,743315361,occasional_shoppers,user
Crystal Hicks,user0149@example.com,61,Female,Nuwara Eliya,723677772,regular_shoppers,user
Joel Shaffer,user0150@example.com,,Other,Nuwara Eliya,744738319,regular_shoppers,user
Gabrielle Hill,user0151@example.com,30,Male,Ratnapura,787025433,rare_shoppers,user
Tammy Bandara,user0152@example.com,49,,Kurunegala,729948970,rare_shoppers,user
Cristian Jayasinghe,user0153@example.com,33,Female,Moratuwa,796255361,regular_shoppers,user
Sarah Adams,user0154@example.com,69,Male,Badulla,777430081,occasional_shoppers,user
Lisa Hicks,user0155@example.com,19,Male,Batticaloa,788381665,rare_shoppers,user
Tricia Herrera,user0156@example.com,60,Female,Kandy,733315234,rare_shoppers,user
Kimberly Adams,user0157@example.com,69,Male,Badulla,776065552,regular_shoppers,user
Anil Stewart,user0158@example.com,20,Male,Kilinochchi,755735904,regular_shoppers,user
Roshan Herrera,user0159@example.com,72,Male,Negombo,760142505,occasional_shoppers,user
Roshan Rajapaksa,user0160@example.com,24,Male,Kalutara,785427317,rare_shoppers,user
Kumari Wijesinghe,user0161@example.com,68,Female,Nuwara Eliya,710241310,occasional_shoppers,user
Kumari Fernando,user0162@example.com,67,Male,Trincomalee,720443030,frequent_shoppers,user
Patricia Burgess,user0163@example.com,28,Other,Ratnapura,757040785,regular_shoppers,user
Mark Dissanayake,user0164@example.com,18,,Kalutara,757141449,occasional_shoppers,user
Anil Hicks,user0165@example.com,48,Female,Trincomalee,752777459,frequent_shoppers,user
Mark Shaffer,user0166@example.com,28,Male,Galle,767891237,rare_shoppers,user
Chamara Herrera,user0167@example.com,45,Male,Anuradhapura,749916439,regular_shoppers,user
Patricia Shaffer,user0168@example.com,,Female,Badulla,798854850,,user
Tharaka Jayasinghe,user0169@example.com,24,,Matara,763347164,regular_shoppers,user
Lauren Peterson,user0170@example.com,34,Female,Nuwara Eliya,745353058,regular_shoppers,user
Tricia Bandara,user0171@example.com,21,Female,Badulla,761956500,regular_shoppers,user
Sarah Garcia,user0172@example.com,61,Male,Moratuwa,779366056,regular_shoppers,user
Kavinda Rajapaksa,user0173@example.com,27,Female,Kurunegala,720518444,occasional_shoppers,user
Sunil Garcia,user0174@example.com,70,Female,Galle,779751366,regular_shoppers,user
Michael Amarasinghe,user0175@example.com,68,Female,Jaffna,785522135,frequent_shoppers,user
Shannon Dissanayake,user0176@example.com,52,Female,Moratuwa,729307578,regular_shoppers,user
Nethmi Jayasinghe,user0177@example.com,43,,Ratnapura,759988144,frequent_shoppers,user
Angie Rocha,user0178@example.com,37,Female,Jaffna,769473299,regular_shoppers,user
Lisa Nelson,user0179@example.com,56,Male,Kalutara,779158328,occasional_shoppers,user
Jennifer Santos,user0180@example.com,50,Female,Colombo,743486016,occasional_shoppers,user
Cristian Brooks,user0181@example.com,41,Male,Kilinochchi,775603845,rare_shoppers,user
Sachini Brooks,user0182@example.com,73,Female,Batticaloa,716664050,occasional_shoppers,user
Jennifer Herath,user0183@example.com,31,Female,Batticaloa,727758896,regular_shoppers,user
Chamara Herrera,user0184@example.com,18,Female,Batticaloa,739287523,regular_shoppers,user
Michael Stewart,user0185@example.com,70,Female,,789694801,rare_shoppers,user
Sachini Stewart,user0186@example.com,24,Male,Ratnapura,779429969,regular_shoppers,user
Buddhika Adams,user0187@example.com,69,Female,Ratnapura,744819604,occasional_shoppers,user
Angela Hicks,user0188@example.com,20,Other,Ratnapura,773852097,regular_shoppers,user
Nimal Burgess,user0189@example.com,72,Female,Matara,785031958,frequent_shoppers,user
Buddhika Amarasinghe,user0190@example.com,61,Female,Trincomalee,788593968,regular_shoppers,user
David Brooks,user0191@example.com,48,Female,Galle,761226775,frequent_shoppers,user
Sarah Stewart,user0192@example.com,73,Male,Kalutara,734207075,occasional_shoppers,user
Monica Peterson,user0193@example.com,29,Male,Anuradhapura,721816709,frequent_shoppers,user
Joel Jayasinghe,user0194@example.com,45,Other,Kandy,781274148,occasional_shoppers,user
Zachary Hill,user0195@example.com,58,Male,Matara,716136213,regular_shoppers,user
Kim Stewart,user0196@example.com,51,Male,Negombo,732130289,rare_shoppers,user
Connor Hill,user0197@example.com,64,Male,,795942441,frequent_shoppers,user
Mark Seneviratne,user0198@example.com,21,Male,Colombo,761036796,,user
Daniel Silva,user0199@example.com,62,Female,Matara,791286864,frequent_shoppers,user
Kumari Davis,user0200@example.com,75,Female,Jaffna,780215481,regular_shoppers,user
Zachary Burgess,user0201@example.com,36,Female,Moratuwa,787061479,frequent_shoppers,user
Nimal Peterson,user0202@example.com,23,Male,Batticaloa,716721650,regular_shoppers,user
Shannon Bandara,user0203@example.com,20,Male,Kalutara,728574987,frequent_shoppers,user
Nimal Gunasekara,user0204@example.com,40,Female,Galle,771275585,regular_shoppers,user
Linda Bandara,user0205@example.com,72,Male,Kurunegala,731393688,occasional_shoppers,user
Shannon Garcia,user0206@example.com,48,Female,Nuwara Eliya,775514730,regular_shoppers,user
Daniel Wijesinghe,user0207@example.com,20,Female,,799904987,regular_shoppers,user
Jessica Perera,user0208@example.com,62,Male,Moratuwa,784939694,occasional_shoppers,user
Nethmi Henderson,user0209@example.com,,Female,Moratuwa,754411953,frequent_shoppers,user
Linda Henderson,user0210@example.com,53,Male,Gampaha,770004467,regular_shoppers,user
Lisa Shaffer,user0211@example.com,65,Male,Vavuniya,785475000,occasional_shoppers,user
Rebecca Gunasekara,user0212@example.com,39,Male,Gampaha,758760568,occasional_shoppers,user
Roshan Brooks,user0213@example.com,66,Male,Matara,732032560,regular_shoppers,user
Kevin Davis,user0214@example.com,65,Male,Anuradhapura,735579048,occasional_shoppers,user
Roshan Rocha,user0215@example.com,44,,Jaffna,776951647,regular_shoppers,user
Allison Perera,user0216@example.com,53,Female,Kilinochchi,727231111,rare_shoppers,user
Shannon Hicks,user0217@example.com,56,Female,Trincomalee,727900864,rare_shoppers,user
Joel Garcia,user0218@example.com,74,Male,Ratnapura,793774355,rare_shoppers,user
Roshan Stewart,user0219@example.com,61,Female,Kurunegala,757276557,occasional_shoppers,user
Priya Peterson,user0220@example.com,60,Female,Vavuniya,713391969,occasional_shoppers,user
Victoria Davis,user0221@example.com,21,Female,Matara,749613096,frequent_shoppers,user
Rebecca Seneviratne,user0222@example.com,40,Male,Vavuniya,748606206,occasional_shoppers,user
Kumari Rajapaksa,user0223@example.com,,Male,Ratnapura,769467023,frequent_shoppers,user
Tricia Amarasinghe,user0224@example.com,63,Female,Anuradhapura,719995059,rare_shoppers,user
Kimberly Herrera,user0225@example.com,25,Male,Negombo,730777669,occasional_shoppers,user
Cristian Davis,user0226@example.com,56,Female,Matara,752662313,regular_shoppers,user
Sarah Adams,user0227@example.com,51,Female,Vavuniya,754434998,regular_shoppers,user
Timothy Stewart,user0228@example.com,66,Male,Colombo,792369566,regular_shoppers,user
Nethmi Adams,user0229@example.com,61,Male,Jaffna,779372824,regular_shoppers,user
Timothy Perera,user0230@example.com,46,Male,Ratnapura,782205759,rare_shoppers,user
Anil Hill,user0231@example.com,31,Female,Kalutara,719679848,regular_shoppers,user
Thilini Rajapaksa,user0232@example.com,47,Male,Kurunegala,764711545,regular_shoppers,user
Victoria Brooks,user0233@example.com,45,Male,Colombo,719742790,regular_shoppers,user
Crystal Amarasinghe,user0234@example.com,36,Male,Gampaha,781600831,occasional_shoppers,user
Tricia Davis,user0235@example.com,68,Female,Negombo,711496555,occasional_shoppers,user
Priya Herath,user0236@example.com,25,,Nuwara Eliya,756150987,rare_shoppers,user
Rebecca Garcia,user0237@example.com,72,Male,Batticaloa,783665549,frequent_shoppers,user
Michael Gunasekara,user0238@example.com,36,Male,Moratuwa,793150000,regular_shoppers,user
Gabrielle Wijesinghe,user0239@example.com,49,Female,Negombo,732634412,regular_shoppers,user
Allison Rocha,user0240@example.com,32,Female,Badulla,758149482,occasional_shoppers,user
Kim Peterson,user0241@example.com,29,Male,Negombo,712500515,frequent_shoppers,user
Cynthia Gunasekara,user0242@example.com,,Male,Kandy,729949181,regular_shoppers,user
Timothy Hicks,user0243@example.com,67,Female,Kilinochchi,742062038,regular_shoppers,user
Nethmi Rajapaksa,user0244@example.com,50,Male,Negombo,775450221,regular_shoppers,user
Tricia Santos,user0245@example.com,32,,Badulla,797043518,rare_shoppers,user
Lisa Shaffer,user0246@example.com,51,Male,Vavuniya,797689346,regular_shoppers,user
Gabrielle Perera,user0247@example.com,32,Male,Moratuwa,728652010,occasional_shoppers,user
Carmen Herrera,user0248@example.com,50,Male,Badulla,754322017,occasional_shoppers,user
Isuru Shaffer,user0249@example.com,48,Female,Kalutara,789503557,,user
Jennifer Davis,user0250@example.com,20,Male,Kurunegala,798817918,regular_shoppers,user
David Santos,user0251@example.com,56,Female,Kalutara,778559074,occasional_shoppers,user
Mark Herrera,user0252@example.com,39,Female,Nuwara Eliya,777693989,frequent_shoppers,user
Sunil Garcia,user0253@example.com,56,Male,Kandy,798502178,regular_shoppers,user
Joel Wijesinghe,user0254@example.com,70,,Kalutara,767573535,regular_shoppers,user
Tricia Dissanayake,user0255@example.com,67,Female,Jaffna,721249805,regular_shoppers,user
David Jayasinghe,user0256@example.com,44,Male,Colombo,737570830,frequent_shoppers,user
Kumari Dissanayake,user0257@example.com,41,Male,Batticaloa,763345392,regular_shoppers,user
Buddhika Ray,user0258@example.com,68,Male,Moratuwa,763436070,regular_shoppers,user
Thilini Davis,user0259@example.com,60,Male,Kurunegala,792413089,regular_shoppers,user
Kumari Rajapaksa,user0260@example.com,28,Female,Negombo,739765498,regular_shoppers,user
Timothy Santos,user0261@example.com,64,Other,Kilinochchi,733524492,rare_shoppers,user
Tharaka Peterson,user0262@example.com,30,Female,Anuradhapura,741094351,,user
Nethmi Herrera,user0263@example.com,41,Male,Batticaloa,736885204,regular_shoppers,user
Sarah Hill,user0264@example.com,22,Female,Vavuniya,736108729,regular_shoppers,user
Michael Amarasinghe,user0265@example.com,18,Male,Galle,744587020,regular_shoppers,user
Anil Bandara,user0266@example.com,34,Other,Trincomalee,788762521,rare_shoppers,user
Angie Peterson,user0267@example.com,22,Female,Trincomalee,711305024,regular_shoppers,user
Kumari Bandara,user0268@example.com,36,Female,Galle,787002404,frequent_shoppers,user
Linda Herrera,user0269@example.com,61,Male,Trincomalee,743513553,occasional_shoppers,user
Nethmi Burgess,user0270@example.com,24,Male,Moratuwa,759821155,occasional_shoppers,user
Nethmi Rocha,user0271@example.com,74,Female,Kilinochchi,766797703,regular_shoppers,user
Lauren Silva,user0272@example.com,,Female,Gampaha,711129926,occasional_shoppers,user
Allison Rajapaksa,user0273@example.com,55,Male,Kurunegala,756049627,regular_shoppers,user
Timothy Herrera,user0274@example.com,31,Female,Nuwara Eliya,740677709,frequent_shoppers,user
Shannon De Silva,user0275@example.com,33,Female,Negombo,794644676,frequent_shoppers,user
Sarah Silva,user0276@example.com,68,Male,Kandy,744130183,occasional_shoppers,user
Lauren Bandara,user0277@example.com,46,Male,Vavuniya,757122567,regular_shoppers,user
Sunil Jayasinghe,user0278@example.com,54,Female,Matara,769985944,occasional_shoppers,user
Monica Hicks,user0279@example.com,47,Male,Ratnapura,719575640,regular_shoppers,user
Monica Herrera,user0280@example.com,38,Male,Nuwara Eliya,779918804,regular_shoppers,user
Carmen Garcia,user0281@example.com,72,,Batticaloa,763290556,occasional_shoppers,user
Shannon Shaffer,user0282@example.com,74,Male,Kilinochchi,721316066,frequent_shoppers,user
Chamara Amarasinghe,user0283@example.com,37,Female,Negombo,757894420,occasional_shoppers,user
Lisa Herath,user0284@example.com,73,Male,Vavuniya,795836028,regular_shoppers,user
Anil Stewart,user0285@example.com,48,Female,Badulla,728293937,frequent_shoppers,user
Crystal Stewart,user0286@example.com,18,Female,Matara,790128487,,user
Tricia Dissanayake,user0287@example.com,,Male,Nuwara Eliya,739607414,occasional_shoppers,user
Mark Santos,user0288@example.com,33,Female,Batticaloa,719189076,occasional_shoppers,user
Kimberly Davis,user0289@example.com,58,Male,Moratuwa,712970357,frequent_shoppers,user
Kimberly Shaffer,user0290@example.com,26,Female,Negombo,751819114,,user
Kevin Burgess,user0291@example.com,68,,Negombo,734374441,occasional_shoppers,user
Zachary Wijesinghe,user0292@example.com,70,Male,Trincomalee,714497675,rare_shoppers,user
Zachary Brooks,user0293@example.com,24,Other,Matara,783763371,frequent_shoppers,user
Sarah Shaffer,user0294@example.com,58,Male,Anuradhapura,732462726,regular_shoppers,user
Linda Fernando,user0295@example.com,68,Other,Moratuwa,777098020,frequent_shoppers,user
Monica Rajapaksa,user0296@example.com,66,Male,Vavuniya,784940527,frequent_shoppers,user
Chamara Seneviratne,user0297@example.com,75,Male,Badulla,768720256,regular_shoppers,user
Priya Stewart,user0298@example.com,49,Male,Gampaha,730807167,occasional_shoppers,user
Carmen Stewart,user0299@example.com,52,Male,Nuwara Eliya,742049389,occasional_shoppers,user
Lisa De Silva,user0300@example.com,52,Male,Vavuniya,724826245,regular_shoppers,user
Shannon Perera,user0301@example.com,20,Male,Anuradhapura,762156850,frequent_shoppers,user
Nimal Peterson,user0302@example.com,62,Male,Galle,720731620,,user
Michael Dissanayake,user0303@example.com,41,Female,Badulla,719447334,frequent_shoppers,user
Kim Santos,user0304@example.com,51,Female,Anuradhapura,784912498,occasional_shoppers,user
Angela De Silva,user0305@example.com,58,Female,Kalutara,777738718,frequent_shoppers,user
Jessica Rajapaksa,user0306@example.com,56,Male,Ratnapura,753412847,regular_shoppers,user
Sachini Adams,user0307@example.com,31,Female,Badulla,714652375,regular_shoppers,user
David Jayasinghe,user0308@example.com,,Female,,747038339,regular_shoppers,user
Priya Perera,user0309@example.com,54,Male,Negombo,750305910,occasional_shoppers,user
Monica Fernando,user0310@example.com,31,Female,Kurunegala,750318100,occasional_shoppers,user
Cristian De Silva,user0311@example.com,42,Male,Badulla,740429530,regular_shoppers,user
Thilini Gunasekara,user0312@example.com,18,Female,Kilinochchi,739634895,,user
Andrew Henderson,user0313@example.com,43,Female,Galle,755119729,regular_shoppers,user
Monica Peterson,user0314@example.com,21,Male,Kalutara,736589676,frequent_shoppers,user
Kevin Hicks,user0315@example.com,30,Other,Trincomalee,787311859,occasional_shoppers,user
Monica Shaffer,user0316@example.com,45,Male,Colombo,769352435,frequent_shoppers,user
Nethmi Davis,user0317@example.com,70,Female,Galle,748612439,frequent_shoppers,user
Allison Rocha,user0318@example.com,25,Male,Vavuniya,793623280,regular_shoppers,user
Isuru Davis,user0319@example.com,60,,Kilinochchi,736936968,,user
Kumari Jayasinghe,user0320@example.com,47,Male,Batticaloa,712560649,rare_shoppers,user
David Herath,user0321@example.com,42,Male,Jaffna,736692577,regular_shoppers,user
Cynthia Brooks,user0322@example.com,63,,Kilinochchi,757232974,regular_shoppers,user
Crystal Gunasekara,user0323@example.com,50,Male,Nuwara Eliya,747606981,occasional_shoppers,user
Tricia Davis,user0324@example.com,43,Male,Trincomalee,791251236,regular_shoppers,user
Jessica Brooks,user0325@example.com,31,Female,Anuradhapura,767722252,regular_shoppers,user
Andrew Gunasekara,user0326@example.com,28,Female,Jaffna,752773504,occasional_shoppers,user
Angela Garcia,user0327@example.com,65,Female,Batticaloa,792138779,frequent_shoppers,user
Nethmi Nelson,user0328@example.com,57,Male,Badulla,791163038,occasional_shoppers,user
Lauren Wickramasinghe,user0329@example.com,29,Female,Anuradhapura,765437830,regular_shoppers,user
Tricia De Silva,user0330@example.com,30,Male,Gampaha,743122766,regular_shoppers,user
Tammy Hicks,user0331@example.com,56,Male,Vavuniya,770614013,occasional_shoppers,user
Michael Bandara,user0332@example.com,74,Female,Kandy,768995922,regular_shoppers,user
Connor Wijesinghe,user0333@example.com,70,Male,Kandy,770625891,rare_shoppers,user
Monica De Silva,user0334@example.com,29,Female,Negombo,789230801,regular_shoppers,user
Roshan Wijesinghe,user0335@example.com,47,Male,Kurunegala,795103759,frequent_shoppers,user
Timothy Santos,user0336@example.com,42,Other,Kurunegala,785898994,regular_shoppers,user
Nimal Herath,user0337@example.com,73,Female,Matara,734252610,occasional_shoppers,user
Daniel Wijesinghe,user0338@example.com,30,,Colombo,776231992,occasional_shoppers,user
Patricia Ray,user0339@example.com,48,Male,Colombo,729898606,regular_shoppers,user
Abigail Gunasekara,user0340@example.com,27,Female,Matara,733924094,frequent_shoppers,user
Jennifer Rajapaksa,user0341@example.com,60,Female,Kurunegala,722499198,occasional_shoppers,user
Kim Rocha,user0342@example.com,42,Female,Galle,765533646,frequent_shoppers,user
Sarah Ray,user0343@example.com,57,Female,Kilinochchi,752478375,regular_shoppers,user
Mark Perera,user0344@example.com,57,Male,Kilinochchi,741235369,regular_shoppers,user
Roshan Stewart,user0345@example.com,18,Male,Anuradhapura,756929234,rare_shoppers,user
Priya Dissanayake,user0346@example.com,18,Female,Galle,725278911,regular_shoppers,user
Sunil Rocha,user0347@example.com,64,Other,Anuradhapura,714772547,regular_shoppers,user
Chamara Davis,user0348@example.com,58,Female,Gampaha,750177237,regular_shoppers,user
Kavinda De Silva,user0349@example.com,53,Male,Badulla,760363964,frequent_shoppers,user
Tharaka Silva,user0350@example.com,54,Male,Matara,721649801,regular_shoppers,user
Kevin Wijesinghe,user0351@example.com,46,Male,Kurunegala,769562350,occasional_shoppers,user
Cynthia Hill,user0352@example.com,75,Male,Kilinochchi,779276026,regular_shoppers,user
Sunil Davis,user0353@example.com,20,Female,Colombo,716192775,frequent_shoppers,user
Shannon Perera,user0354@example.com,65,Female,Anuradhapura,769205536,frequent_shoppers,user
Nimal Shaffer,user0355@example.com,28,Male,Kilinochchi,748019546,regular_shoppers,user
Kavinda Adams,user0356@example.com,37,Male,Negombo,717220897,,user
Monica Garcia,user0357@example.com,63,Female,Gampaha,781603135,regular_shoppers,user
Monica Amarasinghe,user0358@example.com,47,Male,Gampaha,740037183,regular_shoppers,user
Andrew Herath,user0359@example.com,34,Male,Ratnapura,718773168,occasional_shoppers,user
Lauren Shaffer,user0360@example.com,47,Male,Negombo,797167893,regular_shoppers,user
Gabrielle Dissanayake,user0361@example.com,47,Male,Vavuniya,789318677,regular_shoppers,user
Tammy Dissanayake,user0362@example.com,54,Female,Galle,790003898,occasional_shoppers,user
Michael Rocha,user0363@example.com,70,Male,Jaffna,796568973,regular_shoppers,user
Nimal Henderson,user0364@example.com,70,Female,Colombo,762342586,occasional_shoppers,user
Nethmi Fernando,user0365@example.com,31,Male,Matara,788212291,rare_shoppers,user
Allison Jayasinghe,user0366@example.com,43,Female,Vavuniya,747877483,frequent_shoppers,user
Angie Adams,user0367@example.com,55,Male,Nuwara Eliya,735263378,regular_shoppers,user
Priya Hicks,user0368@example.com,41,Male,Negombo,775323947,frequent_shoppers,user
Nimal Garcia,user0369@example.com,26,Female,Gampaha,770987778,occasional_shoppers,user
Cynthia Garcia,user0370@example.com,46,Male,Colombo,746138183,occasional_shoppers,user
Angela Amarasinghe,user0371@example.com,41,,,720745888,regular_shoppers,user
Andrew De Silva,user0372@example.com,72,Female,Galle,799085263,regular_shoppers,user
Nimal Santos,user0373@example.com,52,Male,Ratnapura,772979305,frequent_shoppers,user
Kavinda De Silva,user0374@example.com,40,Female,Kandy,785659375,regular_shoppers,user
Mark Henderson,user0375@example.com,55,Male,Colombo,747292234,frequent_shoppers,user
Mark Davis,user0376@example.com,35,Male,Kurunegala,733541704,occasional_shoppers,user
Mark Dissanayake,user0377@example.com,49,Female,,765424925,rare_shoppers,user
Victoria Adams,user0378@example.com,64,Male,Badulla,772279029,regular_shoppers,user
Connor Peterson,user0379@example.com,65,Female,Nuwara Eliya,770239684,frequent_shoppers,user
Victoria Rajapaksa,user0380@example.com,51,Male,Badulla,745847919,regular_shoppers,user
Shannon Nelson,user0381@example.com,43,Female,Anuradhapura,711419753,occasional_shoppers,user
Sunil Hill,user0382@example.com,18,Female,Badulla,793134088,regular_shoppers,user
Monica Henderson,user0383@example.com,60,Male,Jaffna,796960449,frequent_shoppers,user
Kavinda Dissanayake,user0384@example.com,75,Male,Galle,799600963,rare_shoppers,user
Lisa Nelson,user0385@example.com,22,Male,Kandy,775997780,occasional_shoppers,user
Zachary Jayasinghe,user0386@example.com,59,Male,Anuradhapura,723862962,frequent_shoppers,user
Cristian Santos,user0387@example.com,64,Male,Negombo,745760499,frequent_shoppers,user
Andrew Wickramasinghe,user0388@example.com,43,Female,Moratuwa,710443906,regular_shoppers,user
Victoria Wickramasinghe,user0389@example.com,48,Female,Ratnapura,755642455,regular_shoppers,user
Monica Bandara,user0390@example.com,67,Male,Nuwara Eliya,794639988,regular_shoppers,user
Kumari Burgess,user0391@example.com,74,Female,Anuradhapura,718454727,,user
Anil Gunasekara,user0392@example.com,52,Female,Colombo,715746469,,user
Connor Shaffer,user0393@example.com,59,Male,Vavuniya,729003951,regular_shoppers,user
Kevin Gunasekara,user0394@example.com,,Female,Negombo,723058343,,user
Michael Jayasinghe,user0395@example.com,55,Female,Trincomalee,763956682,regular_shoppers,user
Lisa Shaffer,user0396@example.com,54,Male,Anuradhapura,746761344,regular_shoppers,user
Andrew Seneviratne,user0397@example.com,62,Male,Kandy,712097866,occasional_shoppers,user
Kevin Santos,user0398@example.com,,Male,Matara,737670356,occasional_shoppers,user
Andrew Gunasekara,user0399@example.com,46,Female,Kandy,750426348,occasional_shoppers,user
Crystal Garcia,user0400@example.com,,Male,Jaffna,794082607,occasional_shoppers,user
Nimal Ray,user0401@example.com,30,Male,Moratuwa,758881166,frequent_shoppers,user
David Ray,user0402@example.com,39,Female,Jaffna,713901068,rare_shoppers,user
Kevin Perera,user0403@example.com,75,Male,Kalutara,724781783,occasional_shoppers,user
Lisa Adams,user0404@example.com,65,Male,Galle,791796786,regular_shoppers,user
Michael Herrera,user0405@example.com,26,Male,Batticaloa,724912833,frequent_shoppers,user
Michael Brooks,user0406@example.com,66,Female,Kurunegala,780030620,regular_shoppers,user
Kevin Herath,user0407@example.com,55,Male,,787774748,occasional_shoppers,user
Tricia Wijesinghe,user0408@example.com,27,Female,Kandy,777674770,,user
Cristian Garcia,user0409@example.com,48,Female,Moratuwa,764575354,regular_shoppers,user
Rebecca Davis,user0410@example.com,33,Male,Matara,772244899,regular_shoppers,user
Joel Herath,user0411@example.com,29,Male,Colombo,749807633,frequent_shoppers,user
Tammy Seneviratne,user0412@example.com,57,Female,Galle,758853980,regular_shoppers,user
Abigail Shaffer,user0413@example.com,47,Male,Vavuniya,754953500,regular_shoppers,user
Patricia Silva,user0414@example.com,48,Female,Anuradhapura,745884163,occasional_shoppers,user
Cynthia Rajapaksa,user0415@example.com,21,Male,Kilinochchi,781518649,regular_shoppers,user
David Brooks,user0416@example.com,69,Female,Galle,733999716,occasional_shoppers,user
David Santos,user0417@example.com,35,Male,Anuradhapura,782670169,regular_shoppers,user
Joel Peterson,user0418@example.com,46,Male,Colombo,765256328,regular_shoppers,user
Dilshan Rocha,user0419@example.com,68,Female,Vavuniya,751137063,regular_shoppers,user
Jennifer Dissanayake,user0420@example.com,48,Male,Negombo,731580852,regular_shoppers,user
Roshan Silva,user0421@example.com,29,Female,Negombo,769175071,frequent_shoppers,user
Mark Burgess,user0422@example.com,53,Female,Negombo,726306114,regular_shoppers,user
Angie Hicks,user0423@example.com,67,Male,Colombo,749668971,regular_shoppers,user
Lauren Wijesinghe,user0424@example.com,66,Female,Gampaha,728713077,frequent_shoppers,user
Sunil Silva,user0425@example.com,19,Female,Galle,739815643,regular_shoppers,user
Linda Ray,user0426@example.com,,Male,Galle,791212170,regular_shoppers,user
Cynthia Henderson,user0427@example.com,41,Female,Nuwara Eliya,769804203,regular_shoppers,user
Priya Santos,user0428@example.com,74,Other,Matara,765592149,occasional_shoppers,user
Joel Bandara,user0429@example.com,23,Male,Kilinochchi,764956876,frequent_shoppers,user
Tharaka Amarasinghe,user0430@example.com,29,Female,Negombo,715668405,occasional_shoppers,user
Kim Bandara,user0431@example.com,49,Male,,795973864,,user
Tharaka Peterson,user0432@example.com,60,Male,Trincomalee,718955654,,user
Sachini De Silva,user0433@example.com,48,Female,Moratuwa,787210585,occasional_shoppers,user
Angie Herath,user0434@example.com,55,Male,Negombo,757779407,frequent_shoppers,user
Abigail Stewart,user0435@example.com,58,Female,Kurunegala,752441045,regular_shoppers,user
Sunil Dissanayake,user0436@example.com,61,Male,Badulla,775082045,frequent_shoppers,user
Angela Rocha,user0437@example.com,28,Male,Anuradhapura,783969111,regular_shoppers,user
Kumari Seneviratne,user0438@example.com,44,Male,Colombo,769315901,regular_shoppers,user
Sachini Perera,user0439@example.com,39,Male,Jaffna,751262331,occasional_shoppers,user
Joel Ray,user0440@example.com,23,Female,Colombo,714401363,occasional_shoppers,user
Nimal Perera,user0441@example.com,48,Male,Colombo,736846824,occasional_shoppers,user
Kimberly Rajapaksa,user0442@example.com,23,Female,Badulla,719172042,occasional_shoppers,user
Shannon Bandara,user0443@example.com,18,Female,Kurunegala,777671943,regular_shoppers,user
Roshan Peterson,user0444@example.com,55,Female,Badulla,725145863,regular_shoppers,user
Buddhika Rocha,user0445@example.com,25,Female,Matara,761644447,frequent_shoppers,user
David Brooks,user0446@example.com,37,Female,Kalutara,773844258,occasional_shoppers,user
Sunil Burgess,user0447@example.com,61,Male,Galle,732645646,regular_shoppers,user
Gabrielle Burgess,user0448@example.com,39,Female,Trincomalee,788103795,occasional_shoppers,user
Dilshan Nelson,user0449@example.com,69,Male,Nuwara Eliya,724500436,regular_shoppers,user
Daniel Nelson,user0450@example.com,32,Male,Kandy,761356129,regular_shoppers,user
Sachini Rajapaksa,user0451@example.com,37,Male,Kilinochchi,776826878,occasional_shoppers,user
Kevin Perera,user0452@example.com,39,Female,,752219420,rare_shoppers,user
Victoria Brooks,user0453@example.com,20,Female,Kurunegala,724681002,frequent_shoppers,user
Kavinda Rajapaksa,user0454@example.com,53,Female,Kurunegala,760707149,regular_shoppers,user
Nethmi Rajapaksa,user0455@example.com,36,Male,,793906615,regular_shoppers,user
Jessica Hicks,user0456@example.com,40,Male,Trincomalee,718791292,regular_shoppers,user
Kim Shaffer,user0457@example.com,19,Male,Kalutara,773042053,rare_shoppers,user
Dilshan Hill,user0458@example.com,42,Male,Moratuwa,799575241,occasional_shoppers,user
Jessica Herrera,user0459@example.com,41,Male,Galle,749905650,regular_shoppers,user
Kavinda Hicks,user0460@example.com,57,Male,Jaffna,738150713,regular_shoppers,user
Crystal Dissanayake,user0461@example.com,70,Female,Vavuniya,770831313,regular_shoppers,user
Nimal Seneviratne,user0462@example.com,74,,Kurunegala,795621026,regular_shoppers,user
Anil Dissanayake,user0463@example.com,67,Female,Kandy,750302318,regular_shoppers,user
Tammy Garcia,user0464@example.com,71,Female,Batticaloa,741692809,regular_shoppers,user
Connor Adams,user0465@example.com,30,,Matara,714966557,regular_shoppers,user
Zachary Herrera,user0466@example.com,19,Female,Kurunegala,717425900,frequent_shoppers,user
Monica Rocha,user0467@example.com,73,Female,Galle,786634749,occasional_shoppers,user
Thilini Perera,user0468@example.com,51,Female,Kilinochchi,752065222,occasional_shoppers,user
Jessica Bandara,user0469@example.com,42,Female,Anuradhapura,744132362,frequent_shoppers,user
Dilshan Henderson,user0470@example.com,41,Male,Moratuwa,759357131,rare_shoppers,user
Kim Hill,user0471@example.com,75,Female,Kandy,761632246,occasional_shoppers,user
Kim Gunasekara,user0472@example.com,41,Female,Trincomalee,744297151,regular_shoppers,user
Kim Santos,user0473@example.com,66,Male,Gampaha,746780559,occasional_shoppers,user
Monica Bandara,user0474@example.com,49,Male,Kalutara,777959068,occasional_shoppers,user
Gabrielle Burgess,user0475@example.com,64,Female,Colombo,796046825,regular_shoppers,user
Joel Hill,user0476@example.com,58,Female,Trincomalee,765071708,rare_shoppers,user
Lisa Brooks,user0477@example.com,65,Male,Ratnapura,762813894,frequent_shoppers,user
Victoria Bandara,user0478@example.com,32,,,772065617,regular_shoppers,user
Zachary Nelson,user0479@example.com,28,,Batticaloa,725750520,rare_shoppers,user
Allison Wickramasinghe,user0480@example.com,67,Male,Jaffna,776326127,regular_shoppers,user
Victoria Davis,user0481@example.com,31,Other,Anuradhapura,745138129,regular_shoppers,user
Patricia Jayasinghe,user0482@example.com,33,Female,Colombo,761471888,occasional_shoppers,user
Roshan Garcia,user0483@example.com,34,Female,Trincomalee,777718480,regular_shoppers,user
Nethmi Hicks,user0484@example.com,43,Male,Kandy,755523530,regular_shoppers,user
Michael Davis,user0485@example.com,63,Male,Kandy,767725168,regular_shoppers,user
David Wijesinghe,user0486@example.com,57,Female,Kalutara,730302410,regular_shoppers,user
Priya Herath,user0487@example.com,58,Male,Trincomalee,768576625,regular_shoppers,user
Daniel Wijesinghe,user0488@example.com,20,Other,Gampaha,722559810,occasional_shoppers,user
Rebecca Herath,user0489@example.com,71,Female,Anuradhapura,734235540,rare_shoppers,user
Angela Amarasinghe,user0490@example.com,67,Male,Matara,724236463,occasional_shoppers,user
Lisa Davis,user0491@example.com,,Female,Batticaloa,770814320,frequent_shoppers,user
Lisa De Silva,user0492@example.com,69,Male,,783438064,regular_shoppers,user
Sachini Hicks,user0493@example.com,34,Other,Galle,764008708,,user
David Gunasekara,user0494@example.com,59,Male,Matara,759319220,regular_shoppers,user
Cynthia Ray,user0495@example.com,74,Male,Galle,767179047,occasional_shoppers,user
Monica Henderson,user0496@example.com,47,Female,Moratuwa,768700864,regular_shoppers,user
Monica Amarasinghe,user0497@example.com,37,Male,Trincomalee,716052535,regular_shoppers,user
Cynthia Shaffer,user0498@example.com,44,Female,Batticaloa,798795539,regular_shoppers,user
Michael Herrera,user0499@example.com,71,Male,Matara,745577682,occasional_shoppers,user
Jessica Amarasinghe,user0500@example.com,29,Male,Batticaloa,763007123,frequent_shoppers,user
Daniel Hill,user0501@example.com,48,Male,Moratuwa,763015631,occasional_shoppers,user
Kim Santos,user0502@example.com,18,Female,Anuradhapura,768490538,regular_shoppers,user
Tharaka Herath,user0503@example.com,30,Female,Kalutara,769762583,,user
Kevin Peterson,user0504@example.com,,Male,Nuwara Eliya,776532158,frequent_shoppers,user
Thilini Fernando,user0505@example.com,53,Male,Kilinochchi,718147644,regular_shoppers,user
Sarah Hill,user0506@example.com,38,Male,Moratuwa,768549800,regular_shoppers,user
Angie Herrera,user0507@example.com,30,Male,Ratnapura,749378681,occasional_shoppers,user
Isuru Wickramasinghe,user0508@example.com,44,Female,Moratuwa,721568480,occasional_shoppers,user
Nimal Peterson,user0509@example.com,30,Female,Moratuwa,758155542,regular_shoppers,user
Mark Burgess,user0510@example.com,29,Female,,740077607,regular_shoppers,user
Kevin Nelson,user0511@example.com,68,Male,Batticaloa,723977705,occasional_shoppers,user
Roshan Henderson,user0512@example.com,46,Other,Jaffna,715633042,regular_shoppers,user
Cynthia Shaffer,user0513@example.com,25,Female,Matara,723327047,occasional_shoppers,user
Andrew Gunasekara,user0514@example.com,70,Female,Kalutara,777783003,frequent_shoppers,user
Jennifer Santos,user0515@example.com,63,Male,Negombo,767555628,regular_shoppers,user
Angela Amarasinghe,user0516@example.com,47,Female,Colombo,721378739,occasional_shoppers,user
Jessica Rocha,user0517@example.com,67,Male,Negombo,766278204,frequent_shoppers,user
Connor Wijesinghe,user0518@example.com,53,Female,Badulla,791926643,,user
Andrew Wickramasinghe,user0519@example.com,59,Female,Gampaha,750470861,occasional_shoppers,user
Monica Henderson,user0520@example.com,42,Female,Vavuniya,795320264,frequent_shoppers,user
Jennifer Hill,user0521@example.com,,Female,Matara,760060376,rare_shoppers,user
Mark Gunasekara,user0522@example.com,25,,Jaffna,741688446,regular_shoppers,user
Thilini Fernando,user0523@example.com,75,Female,Trincomalee,779748476,regular_shoppers,user
Thilini Adams,user0524@example.com,51,Female,Jaffna,718347493,regular_shoppers,user
Tammy Wijesinghe,user0525@example.com,31,Male,Vavuniya,795424369,regular_shoppers,user
Tammy Brooks,user0526@example.com,49,Male,Kilinochchi,778878589,occasional_shoppers,user
Sarah Shaffer,user0527@example.com,47,Female,Badulla,759604988,frequent_shoppers,user
Kavinda Stewart,user0528@example.com,,Male,Matara,789138026,frequent_shoppers,user
Angela Henderson,user0529@example.com,37,Male,Moratuwa,715997180,,user
Angela Peterson,user0530@example.com,54,Male,Negombo,799552852,regular_shoppers,user
Carmen Davis,user0531@example.com,38,Female,Nuwara Eliya,769471365,regular_shoppers,user
Thilini Nelson,user0532@example.com,73,Male,Matara,793041052,frequent_shoppers,user
Anil Fernando,user0533@example.com,54,Female,Colombo,746904845,rare_shoppers,user
Rebecca Adams,user0534@example.com,71,Male,Ratnapura,734227374,frequent_shoppers,user
Angela Hill,user0535@example.com,38,Male,Vavuniya,730700047,frequent_shoppers,user
Kim Garcia,user0536@example.com,21,Male,,753515775,regular_shoppers,user
Mark Hicks,user0537@example.com,75,Male,Trincomalee,746143160,occasional_shoppers,user
Abigail Rocha,user0538@example.com,44,Male,Colombo,784451573,rare_shoppers,user
Chamara Dissanayake,user0539@example.com,54,Male,Anuradhapura,782146810,frequent_shoppers,user
Tammy Amarasinghe,user0540@example.com,20,,Matara,774717944,frequent_shoppers,user
Linda Jayasinghe,user0541@example.com,61,Male,Kilinochchi,750350996,frequent_shoppers,user
Monica Hicks,user0542@example.com,71,Female,Kalutara,755987725,regular_shoppers,user
Tharaka Nelson,user0543@example.com,63,Male,Ratnapura,727948365,rare_shoppers,user
Chamara Amarasinghe,user0544@example.com,,Female,Kalutara,782226781,occasional_shoppers,user
Monica Dissanayake,user0545@example.com,59,Male,Gampaha,758045348,regular_shoppers,user
Victoria Herrera,user0546@example.com,69,Male,Anuradhapura,758025924,regular_shoppers,user
Zachary Santos,user0547@example.com,58,Female,Moratuwa,791339562,frequent_shoppers,user
Rebecca Hill,user0548@example.com,70,Male,Kilinochchi,727212939,regular_shoppers,user
Thilini Santos,user0549@example.com,54,Female,Batticaloa,785177493,occasional_shoppers,user
Michael Hill,user0550@example.com,59,Female,Ratnapura,779564413,rare_shoppers,user
Michael Peterson,user0551@example.com,66,,Kandy,762594409,regular_shoppers,user
Zachary Rocha,user0552@example.com,54,Other,Kalutara,751715656,rare_shoppers,user
Gabrielle Gunasekara,user0553@example.com,19,Female,Ratnapura,755741665,regular_shoppers,user
Abigail Bandara,user0554@example.com,68,Male,Gampaha,718145263,regular_shoppers,user
Cristian Hicks,user0555@example.com,72,Female,Gampaha,717488001,regular_shoppers,user
Priya Henderson,user0556@example.com,42,Female,Colombo,793111718,regular_shoppers,user
Shannon Rocha,user0557@example.com,61,Male,Anuradhapura,735986503,frequent_shoppers,user
Kavinda Davis,user0558@example.com,34,Female,Kurunegala,788453254,occasional_shoppers,user
Tammy Perera,user0559@example.com,66,Female,Negombo,711084726,regular_shoppers,user
Sarah Fernando,user0560@example.com,27,Female,Kandy,737012825,frequent_shoppers,user
Gabrielle Rocha,user0561@example.com,48,Other,Ratnapura,766196330,regular_shoppers,user
Jessica Herrera,user0562@example.com,74,Male,Colombo,742080592,occasional_shoppers,user
Lauren De Silva,user0563@example.com,70,Female,Kurunegala,714028892,frequent_shoppers,user
Priya Shaffer,user0564@example.com,46,Female,Kandy,745164890,frequent_shoppers,user
Isuru Herrera,user0565@example.com,53,Male,Batticaloa,724894008,frequent_shoppers,user
Jessica Amarasinghe,user0566@example.com,47,Female,Kilinochchi,718774822,rare_shoppers,user
Daniel Davis,user0567@example.com,26,Male,Badulla,792681879,regular_shoppers,user
Dilshan Ray,user0568@example.com,36,Male,Batticaloa,720926356,occasional_shoppers,user
Lauren Dissanayake,user0569@example.com,22,Male,Kilinochchi,760181152,regular_shoppers,user
Sarah Wickramasinghe,user0570@example.com,49,Female,Kandy,763136795,occasional_shoppers,user
Rebecca Stewart,user0571@example.com,42,Female,Vavuniya,757187591,occasional_shoppers,user
Tricia Fernando,user0572@example.com,,Male,Kalutara,713317620,occasional_shoppers,user
Kimberly Brooks,user0573@example.com,59,Female,Kilinochchi,723208247,regular_shoppers,user
Daniel Santos,user0574@example.com,52,Male,Matara,791072076,occasional_shoppers,user
Joel Herath,user0575@example.com,65,Male,Matara,787840078,occasional_shoppers,user
Buddhika Gunasekara,user0576@example.com,,Other,Nuwara Eliya,779232906,occasional_shoppers,user
Dilshan Dissanayake,user0577@example.com,47,Male,Ratnapura,770394210,regular_shoppers,user
Priya Hill,user0578@example.com,54,Male,Moratuwa,767139083,occasional_shoppers,user
Sunil Seneviratne,user0579@example.com,67,Male,Kandy,790933663,frequent_shoppers,user
Sachini Fernando,user0580@example.com,42,Male,Anuradhapura,750888822,regular_shoppers,user
Monica Herrera,user0581@example.com,53,Female,Colombo,741278022,frequent_shoppers,user
David Rajapaksa,user0582@example.com,47,Female,Kalutara,774189781,rare_shoppers,user
Thilini Santos,user0583@example.com,75,Male,Kalutara,751649604,occasional_shoppers,user
Dilshan Ray,user0584@example.com,61,Male,Gampaha,786400632,regular_shoppers,user
Kevin Brooks,user0585@example.com,20,Male,Gampaha,733505052,occasional_shoppers,user
Angela Adams,user0586@example.com,57,Male,Kurunegala,731197304,frequent_shoppers,user
Linda Wijesinghe,user0587@example.com,36,Male,Anuradhapura,720272170,regular_shoppers,user
Buddhika Shaffer,user0588@example.com,67,Male,Kilinochchi,771995701,,user
Victoria Rocha,user0589@example.com,72,Male,Negombo,721079489,occasional_shoppers,user
Priya Rajapaksa,user0590@example.com,46,Female,Kurunegala,781760022,regular_shoppers,user
Thilini Hicks,user0591@example.com,60,Female,Badulla,716409704,occasional_shoppers,user
Tharaka Dissanayake,user0592@example.com,60,Female,Matara,737076822,regular_shoppers,user
Patricia Burgess,user0593@example.com,30,Male,Ratnapura,722965862,occasional_shoppers,user
Nimal Herrera,user0594@example.com,20,Male,Vavuniya,726214033,regular_shoppers,user
Tricia Ray,user0595@example.com,38,Male,Nuwara Eliya,759523652,regular_shoppers,user
Cristian Santos,user0596@example.com,44,Female,Jaffna,722716400,occasional_shoppers,user
Sachini Rocha,user0597@example.com,62,Female,Negombo,799438746,regular_shoppers,user
Lauren Santos,user0598@example.com,56,Male,Trincomalee,792724918,occasional_shoppers,user
Buddhika Wijesinghe,user0599@example.com,33,Female,Kandy,737432134,regular_shoppers,user
Chamara Henderson,user0600@example.com,64,Female,Ratnapura,765686049,regular_shoppers,user
Chamara Bandara,user0601@example.com,19,Female,Anuradhapura,739855935,rare_shoppers,user
Sachini Herath,user0602@example.com,38,Female,Moratuwa,726852512,frequent_shoppers,user
Monica Herrera,user0603@example.com,71,Male,Kalutara,733680772,regular_shoppers,user
Sachini Adams,user0604@example.com,54,Female,Moratuwa,773178094,rare_shoppers,user
Carmen Garcia,user0605@example.com,65,Male,Moratuwa,721171324,,user
Buddhika Amarasinghe,user0606@example.com,56,Female,Nuwara Eliya,774537834,regular_shoppers,user
Gabrielle Rocha,user0607@example.com,48,Female,,765810437,occasional_shoppers,user
Connor De Silva,user0608@example.com,49,Other,Kandy,768558918,frequent_shoppers,user
Mark Seneviratne,user0609@example.com,64,Female,Badulla,742528051,occasional_shoppers,user
Lauren Henderson,user0610@example.com,41,Female,Negombo,790819114,regular_shoppers,user
Dilshan Rajapaksa,user0611@example.com,18,Male,Nuwara Eliya,735343427,regular_shoppers,user
Tammy Herrera,user0612@example.com,34,Female,Nuwara Eliya,786854640,occasional_shoppers,user
Crystal Bandara,user0613@example.com,65,Female,Colombo,766081482,occasional_shoppers,user
Sarah Garcia,user0614@example.com,64,Male,Negombo,738531115,frequent_shoppers,user
Kimberly Ray,user0615@example.com,29,Male,Kalutara,732297072,rare_shoppers,user
Monica Stewart,user0616@example.com,25,Male,Moratuwa,710969945,occasional_shoppers,user
Nimal Fernando,user0617@example.com,20,Female,,773516094,rare_shoppers,user
Buddhika Rocha,user0618@example.com,39,Female,Trincomalee,757785434,occasional_shoppers,user
Jessica Dissanayake,user0619@example.com,47,Male,Negombo,747509496,,user
Kumari Seneviratne,user0620@example.com,41,Female,Kilinochchi,758345978,frequent_shoppers,user
Cristian Dissanayake,user0621@example.com,61,Female,Galle,723482938,rare_shoppers,user
Isuru Hicks,user0622@example.com,30,Female,Kilinochchi,750446284,,user
Sunil Silva,user0623@example.com,47,Male,Vavuniya,713922081,regular_shoppers,user
Jennifer Amarasinghe,user0624@example.com,75,Male,Moratuwa,795033398,occasional_shoppers,user
Isuru Peterson,user0625@example.com,62,Male,Galle,785416933,regular_shoppers,user
Tammy Dissanayake,user0626@example.com,34,Male,Anuradhapura,752060116,frequent_shoppers,user
Victoria Fernando,user0627@example.com,37,Female,Kalutara,790747752,regular_shoppers,user
Dilshan Adams,user0628@example.com,18,Male,Matara,748036341,regular_shoppers,user
Andrew De Silva,user0629@example.com,69,Male,Kilinochchi,738951443,frequent_shoppers,user
Kevin Stewart,user0630@example.com,42,Female,Anuradhapura,717055329,rare_shoppers,user
Kimberly Herath,user0631@example.com,43,Female,Kurunegala,773541573,regular_shoppers,user
Crystal Seneviratne,user0632@example.com,22,Male,Anuradhapura,787897778,regular_shoppers,user
Abigail Herath,user0633@example.com,37,Male,Moratuwa,736260378,frequent_shoppers,user
Thilini Gunasekara,user0634@example.com,,Female,Negombo,722891308,rare_shoppers,user
Crystal Peterson,user0635@example.com,21,Female,Kalutara,725945407,regular_shoppers,user
Patricia Hicks,user0636@example.com,62,Male,Galle,797670412,occasional_shoppers,user
Carmen Burgess,user0637@example.com,,Male,Kilinochchi,722690720,regular_shoppers,user
Dilshan Herrera,user0638@example.com,59,Male,Ratnapura,712650315,rare_shoppers,user
Connor Silva,user0639@example.com,68,Female,Vavuniya,737845315,occasional_shoppers,user
Nimal Wijesinghe,user0640@example.com,73,Male,Ratnapura,721787125,frequent_shoppers,user
Priya Nelson,user0641@example.com,20,Male,Vavuniya,716196330,rare_shoppers,user
Sarah Wijesinghe,user0642@example.com,60,Male,Ratnapura,778530276,rare_shoppers,user
Rebecca Wickramasinghe,user0643@example.com,70,,,790818451,occasional_shoppers,user
Priya Ray,user0644@example.com,35,Female,Batticaloa,721174172,regular_shoppers,user
Mark Rajapaksa,user0645@example.com,62,Male,Batticaloa,785650769,occasional_shoppers,user
Nimal Gunasekara,user0646@example.com,56,Female,Kalutara,726726377,rare_shoppers,user
Anil Shaffer,user0647@example.com,44,Female,Ratnapura,723146204,frequent_shoppers,user
Victoria Adams,user0648@example.com,24,Male,Matara,786793756,occasional_shoppers,user
David Silva,user0649@example.com,24,Male,Nuwara Eliya,764042937,occasional_shoppers,user
Lauren Fernando,user0650@example.com,18,Female,Negombo,795791097,occasional_shoppers,user
Timothy Wickramasinghe,user0651@example.com,61,Female,Badulla,779873032,regular_shoppers,user
Roshan Wijesinghe,user0652@example.com,32,Female,Kalutara,742217185,occasional_shoppers,user
Monica Herrera,user0653@example.com,23,Female,Colombo,728311107,regular_shoppers,user
Lauren Peterson,user0654@example.com,61,Female,Anuradhapura,756313253,occasional_shoppers,user
Patricia De Silva,user0655@example.com,70,Female,Kandy,733463164,rare_shoppers,user
Gabrielle Burgess,user0656@example.com,50,Male,Kurunegala,725819626,frequent_shoppers,user
David Stewart,user0657@example.com,34,Female,Anuradhapura,714755216,rare_shoppers,user
Michael Wijesinghe,user0658@example.com,49,Male,Matara,711189670,frequent_shoppers,user
Shannon Garcia,user0659@example.com,23,Female,Moratuwa,763064163,,user
Timothy Stewart,user0660@example.com,75,Female,Gampaha,768245146,regular_shoppers,user
Allison Burgess,user0661@example.com,63,Male,,736708243,occasional_shoppers,user
Lauren Rajapaksa,user0662@example.com,25,Female,Negombo,762190363,occasional_shoppers,user
Joel Shaffer,user0663@example.com,68,,Kilinochchi,755921387,,user
Tammy Jayasinghe,user0664@example.com,45,Male,Kalutara,747733815,frequent_shoppers,user
Daniel Herath,user0665@example.com,62,Female,Jaffna,789349010,regular_shoppers,user
Tharaka Gunasekara,user0666@example.com,25,Male,Negombo,761050068,regular_shoppers,user
Angela Perera,user0667@example.com,58,Male,Kandy,758798364,regular_shoppers,user
Linda Burgess,user0668@example.com,33,Male,,747602351,occasional_shoppers,user
Sachini Shaffer,user0669@example.com,34,Male,Jaffna,758504268,occasional_shoppers,user
Thilini Seneviratne,user0670@example.com,56,Female,Nuwara Eliya,797826062,frequent_shoppers,user
Zachary Ray,user0671@example.com,24,Female,Moratuwa,735730441,regular_shoppers,user
Angela Silva,user0672@example.com,75,Female,Badulla,719087680,regular_shoppers,user
Lauren Garcia,user0673@example.com,50,Male,Negombo,735526992,rare_shoppers,user
Thilini Bandara,user0674@example.com,61,Female,Gampaha,746439333,regular_shoppers,user
Rebecca Herrera,user0675@example.com,,Female,,780474132,regular_shoppers,user
Mark Stewart,user0676@example.com,36,Female,Kandy,747279846,regular_shoppers,user
Joel Nelson,user0677@example.com,21,Male,Vavuniya,783722452,regular_shoppers,user
Mark De Silva,user0678@example.com,75,Male,Colombo,712098962,regular_shoppers,user
Anil Rajapaksa,user0679@example.com,67,Female,Nuwara Eliya,739613670,regular_shoppers,user
Lisa Nelson,user0680@example.com,58,Female,Trincomalee,722575001,regular_shoppers,user
Kevin Herrera,user0681@example.com,70,Male,Kurunegala,762908270,frequent_shoppers,user
Sunil Jayasinghe,user0682@example.com,27,Male,Nuwara Eliya,760717541,regular_shoppers,user
Victoria Hill,user0683@example.com,18,Female,,790481940,frequent_shoppers,user
Allison Dissanayake,user0684@example.com,68,Female,Galle,751256515,regular_shoppers,user
Jessica Peterson,user0685@example.com,21,Male,Colombo,765738565,frequent_shoppers,user
Andrew Hill,user0686@example.com,19,Male,Matara,725087236,occasional_shoppers,user
Kevin Herrera,user0687@example.com,32,Female,Ratnapura,791135473,rare_shoppers,user
Andrew Herrera,user0688@example.com,39,Female,Matara,777008305,regular_shoppers,user
Nimal Burgess,user0689@example.com,69,Female,Negombo,774214057,frequent_shoppers,user
Gabrielle Shaffer,user0690@example.com,64,Male,Kurunegala,765558669,regular_shoppers,user
Sachini Dissanayake,user0691@example.com,26,Female,Kalutara,740885447,regular_shoppers,user
Victoria Santos,user0692@example.com,44,Female,Trincomalee,712302458,regular_shoppers,user
Timothy Silva,user0693@example.com,26,Male,Negombo,740143583,frequent_shoppers,user
Abigail De Silva,user0694@example.com,62,Male,,719901281,regular_shoppers,user
Lauren Bandara,user0695@example.com,28,,Galle,734484603,frequent_shoppers,user
Lauren De Silva,user0696@example.com,51,Male,Ratnapura,730922844,regular_shoppers,user
Abigail Wijesinghe,user0697@example.com,56,Female,,744635469,occasional_shoppers,user
Kavinda Perera,user0698@example.com,32,Male,Kilinochchi,717515766,rare_shoppers,user
Tricia Hicks,user0699@example.com,65,Female,Gampaha,732122351,occasional_shoppers,user
Abigail Dissanayake,user0700@example.com,45,Male,Ratnapura,724289429,,user
Gabrielle Ray,user0701@example.com,66,Male,Kandy,774935475,frequent_shoppers,user
Cristian Henderson,user0702@example.com,37,,Matara,757759672,regular_shoppers,user
Joel Wickramasinghe,user0703@example.com,39,Female,Negombo,715020855,,user
David Herrera,user0704@example.com,47,Female,Trincomalee,731615365,occasional_shoppers,user
Cynthia Perera,user0705@example.com,56,Female,Negombo,762027391,regular_shoppers,user
Patricia Ray,user0706@example.com,56,Male,Moratuwa,721699448,frequent_shoppers,user
Kevin Shaffer,user0707@example.com,28,Male,Badulla,773520009,frequent_shoppers,user
Mark Seneviratne,user0708@example.com,59,Female,Moratuwa,793172511,,user
Sunil Davis,user0709@example.com,50,Female,Kalutara,796418337,regular_shoppers,user
Abigail De Silva,user0710@example.com,62,Male,Matara,772045979,regular_shoppers,user
Nimal Santos,user0711@example.com,47,Female,Galle,736772544,frequent_shoppers,user
Connor Rocha,user0712@example.com,39,Female,Moratuwa,729530531,regular_shoppers,user
Tharaka Ray,user0713@example.com,20,Female,Badulla,713079321,rare_shoppers,user
Buddhika Rajapaksa,user0714@example.com,34,Male,Nuwara Eliya,780434503,occasional_shoppers,user
Rebecca Rajapaksa,user0715@example.com,29,Male,Ratnapura,766250794,regular_shoppers,user
Lauren Peterson,user0716@example.com,68,Female,Nuwara Eliya,799652407,regular_shoppers,user
Dilshan Jayasinghe,user0717@example.com,60,Female,Ratnapura,777034462,,user
Lisa Shaffer,user0718@example.com,61,Female,,795753906,occasional_shoppers,user
Dilshan Shaffer,user0719@example.com,,Male,Kurunegala,787421674,regular_shoppers,user
Allison Burgess,user0720@example.com,19,Male,Jaffna,757208264,regular_shoppers,user
Crystal Bandara,user0721@example.com,51,Male,Gampaha,761212562,frequent_shoppers,user
David Herath,user0722@example.com,61,Male,Jaffna,712204726,occasional_shoppers,user
Nethmi Amarasinghe,user0723@example.com,49,Female,Gampaha,738436861,occasional_shoppers,user
Tricia Seneviratne,user0724@example.com,42,Female,Badulla,796551565,rare_shoppers,user
Roshan Dissanayake,user0725@example.com,18,Female,Batticaloa,710558017,regular_shoppers,user
Angela Henderson,user0726@example.com,,Male,Ratnapura,762527771,rare_shoppers,user
Zachary Jayasinghe,user0727@example.com,71,Female,Nuwara Eliya,768707047,frequent_shoppers,user
Tricia Shaffer,user0728@example.com,26,Female,Batticaloa,722517871,frequent_shoppers,user
Angie Garcia,user0729@example.com,,Male,Vavuniya,727521857,frequent_shoppers,user
Michael Gunasekara,user0730@example.com,40,Female,Anuradhapura,798484070,regular_shoppers,user
Abigail Nelson,user0731@example.com,27,Female,Jaffna,747911547,rare_shoppers,user
Mark Wijesinghe,user0732@example.com,22,Male,Nuwara Eliya,793977718,occasional_shoppers,user
Gabrielle Ray,user0733@example.com,42,Female,Kurunegala,794720028,frequent_shoppers,user
Sachini Herath,user0734@example.com,,Other,Vavuniya,726320018,,user
Zachary Jayasinghe,user0735@example.com,,,Negombo,728597882,regular_shoppers,user
Tricia Santos,user0736@example.com,26,Female,Badulla,776545378,occasional_shoppers,user
Tammy Perera,user0737@example.com,30,Male,Batticaloa,737626276,frequent_shoppers,user
Isuru Peterson,user0738@example.com,46,Female,Jaffna,794919350,regular_shoppers,user
Gabrielle Brooks,user0739@example.com,20,Male,Kilinochchi,767631320,frequent_shoppers,user
Kimberly Burgess,user0740@example.com,31,Male,Jaffna,738692049,,user
Michael Fernando,user0741@example.com,75,Male,Anuradhapura,720042733,frequent_shoppers,user
Kavinda Wijesinghe,user0742@example.com,61,Male,Anuradhapura,746831418,,user
Angela Shaffer,user0743@example.com,28,Female,Colombo,748166934,regular_shoppers,user
Joel Bandara,user0744@example.com,20,Female,,765710942,frequent_shoppers,user
Isuru Stewart,user0745@example.com,66,Male,Moratuwa,796046600,regular_shoppers,user
Daniel Bandara,user0746@example.com,57,Male,Negombo,721813404,regular_shoppers,user
Zachary De Silva,user0747@example.com,41,Female,,750841125,frequent_shoppers,user
Gabrielle Nelson,user0748@example.com,57,Male,Negombo,788400641,frequent_shoppers,user
Angela Gunasekara,user0749@example.com,25,Male,Moratuwa,745408251,regular_shoppers,user
David Wickramasinghe,user0750@example.com,53,Male,Anuradhapura,711762024,frequent_shoppers,user
Nimal Ray,user0751@example.com,42,Male,Kilinochchi,797951446,regular_shoppers,user
Andrew Herath,user0752@example.com,26,Male,Kilinochchi,732038057,regular_shoppers,user
Sunil Stewart,user0753@example.com,54,Male,Jaffna,773919907,occasional_shoppers,user
Nimal Perera,user0754@example.com,34,Female,Anuradhapura,769235732,regular_shoppers,user
Linda Burgess,user0755@example.com,59,Female,Anuradhapura,779607791,regular_shoppers,user
Tammy Shaffer,user0756@example.com,59,Male,Kandy,740395619,regular_shoppers,user
Nethmi Wickramasinghe,user0757@example.com,43,Male,Batticaloa,748653705,frequent_shoppers,user
Roshan Jayasinghe,user0758@example.com,18,Female,Moratuwa,719322043,occasional_shoppers,user
Jennifer Herrera,user0759@example.com,47,Male,Ratnapura,732914336,,user
Sunil Seneviratne,user0760@example.com,56,Male,,786137251,regular_shoppers,user
Sunil Stewart,user0761@example.com,51,Female,Jaffna,757081034,occasional_shoppers,user
Anil Nelson,user0762@example.com,34,Male,Ratnapura,779700460,occasional_shoppers,user
Isuru Gunasekara,user0763@example.com,,Female,Negombo,721982151,frequent_shoppers,user
Zachary Amarasinghe,user0764@example.com,58,Male,Vavuniya,756821190,regular_shoppers,user
Jessica Hicks,user0765@example.com,35,Male,Ratnapura,756573258,frequent_shoppers,user
David Shaffer,user0766@example.com,49,Male,Kilinochchi,748689596,regular_shoppers,user
Gabrielle Dissanayake,user0767@example.com,47,,Jaffna,710086129,regular_shoppers,user
Abigail Nelson,user0768@example.com,74,Female,Vavuniya,736404306,frequent_shoppers,user
Tammy Fernando,user0769@example.com,36,Male,Nuwara Eliya,750536794,rare_shoppers,user
Sachini Stewart,user0770@example.com,45,Male,Anuradhapura,721488759,regular_shoppers,user
Kim Fernando,user0771@example.com,47,Male,Kalutara,757990755,regular_shoppers,user
Michael Burgess,user0772@example.com,44,Male,Colombo,750586096,regular_shoppers,user
Patricia Fernando,user0773@example.com,26,Female,Kandy,772117013,regular_shoppers,user
Buddhika Herath,user0774@example.com,71,Male,Jaffna,754467352,frequent_shoppers,user
Abigail Shaffer,user0775@example.com,61,Female,Kilinochchi,795854802,occasional_shoppers,user
Andrew Stewart,user0776@example.com,64,Male,Anuradhapura,743179439,frequent_shoppers,user
Rebecca Shaffer,user0777@example.com,71,Male,Matara,783379415,rare_shoppers,user
Mark Bandara,user0778@example.com,46,Female,Colombo,783374285,occasional_shoppers,user
Zachary Peterson,user0779@example.com,36,Female,Batticaloa,767020114,occasional_shoppers,user
Andrew Hill,user0780@example.com,25,Male,Gampaha,772801428,,user
Isuru Brooks,user0781@example.com,28,Female,Badulla,798035991,regular_shoppers,user
Andrew Burgess,user0782@example.com,54,Female,Batticaloa,796588420,occasional_shoppers,user
Lauren Hicks,user0783@example.com,56,Female,Kilinochchi,764193609,occasional_shoppers,user
Gabrielle Henderson,user0784@example.com,,Male,Moratuwa,741758221,regular_shoppers,user
Shannon Wijesinghe,user0785@example.com,64,Female,Galle,719782015,regular_shoppers,user
Carmen Seneviratne,user0786@example.com,58,Female,Gampaha,775914731,rare_shoppers,user
Carmen Rajapaksa,user0787@example.com,30,Male,Anuradhapura,728865991,frequent_shoppers,user
Allison Burgess,user0788@example.com,54,Male,Kilinochchi,757846632,occasional_shoppers,user
Nethmi Wijesinghe,user0789@example.com,26,Male,Galle,725827960,frequent_shoppers,user
Kevin Adams,user0790@example.com,52,Male,Batticaloa,720036415,regular_shoppers,user
Anil Fernando,user0791@example.com,51,Female,Kandy,745306385,occasional_shoppers,user
Chamara Hill,user0792@example.com,,Male,Kandy,799031467,regular_shoppers,user
Abigail Adams,user0793@example.com,69,Female,Kandy,792199318,frequent_shoppers,user
Monica Wijesinghe,user0794@example.com,26,Male,,740568777,occasional_shoppers,user
Angie Amarasinghe,user0795@example.com,67,Male,Nuwara Eliya,760630659,occasional_shoppers,user
Kumari Davis,user0796@example.com,45,Male,Badulla,722346797,regular_shoppers,user
Dilshan Hill,user0797@example.com,65,Female,Kandy,720282645,frequent_shoppers,user
Abigail Davis,user0798@example.com,36,,Trincomalee,726425076,frequent_shoppers,user
Nimal Santos,user0799@example.com,52,Female,Trincomalee,749283302,regular_shoppers,user
Chamara Adams,user0800@example.com,35,Female,Badulla,737320680,occasional_shoppers,user
Joel Bandara,user0801@example.com,32,Female,Negombo,797229186,,user
Buddhika Brooks,user0802@example.com,19,Male,Nuwara Eliya,791838954,rare_shoppers,user
Victoria Peterson,user0803@example.com,,Male,Nuwara Eliya,714201833,regular_shoppers,user
Anil Seneviratne,user0804@example.com,19,Female,Batticaloa,793420414,regular_shoppers,user
Tammy Herath,user0805@example.com,64,Female,Vavuniya,781774457,occasional_shoppers,user
Michael Garcia,user0806@example.com,54,Male,Gampaha,747674933,rare_shoppers,user
Sunil Nelson,user0807@example.com,33,Male,Kandy,791604268,regular_shoppers,user
Allison Shaffer,user0808@example.com,60,Male,Gampaha,758147073,,user
Lauren Gunasekara,user0809@example.com,31,Female,Vavuniya,747063466,frequent_shoppers,user
Mark Herath,user0810@example.com,32,Male,Kandy,769097257,occasional_shoppers,user
Dilshan Rocha,user0811@example.com,,Male,Batticaloa,716003970,frequent_shoppers,user
Sachini Adams,user0812@example.com,22,Male,Anuradhapura,767240549,regular_shoppers,user
David Davis,user0813@example.com,,Male,Badulla,715987530,rare_shoppers,user
David Amarasinghe,user0814@example.com,55,,Ratnapura,756177977,occasional_shoppers,user
Rebecca Hicks,user0815@example.com,20,Male,Galle,787099930,rare_shoppers,user
Tharaka Silva,user0816@example.com,52,Female,Kandy,746129093,occasional_shoppers,user
Zachary Bandara,user0817@example.com,33,Female,Trincomalee,769727893,occasional_shoppers,user
Isuru Wijesinghe,user0818@example.com,23,Female,Moratuwa,726814965,regular_shoppers,user
Anil Adams,user0819@example.com,44,Female,Matara,729917719,frequent_shoppers,user
Kavinda Peterson,user0820@example.com,67,Male,Kurunegala,726964845,regular_shoppers,user
Cristian Bandara,user0821@example.com,62,Male,Kilinochchi,784751326,rare_shoppers,user
Patricia Wickramasinghe,user0822@example.com,39,Female,Jaffna,764878236,frequent_shoppers,user
Tharaka Brooks,user0823@example.com,45,Male,Kurunegala,711044716,regular_shoppers,user
Dilshan Fernando,user0824@example.com,59,Male,Batticaloa,716481098,frequent_shoppers,user
Kavinda Perera,user0825@example.com,55,Female,Nuwara Eliya,738277083,frequent_shoppers,user
Tammy Perera,user0826@example.com,74,Male,Jaffna,748718971,regular_shoppers,user
Mark Jayasinghe,user0827@example.com,32,Male,Kilinochchi,782454722,frequent_shoppers,user
Anil Dissanayake,user0828@example.com,49,Male,Kalutara,724712259,regular_shoppers,user
Roshan Wickramasinghe,user0829@example.com,25,Male,Negombo,720612203,occasional_shoppers,user
Thilini Dissanayake,user0830@example.com,22,Female,Kilinochchi,715148168,frequent_shoppers,user
Tammy Shaffer,user0831@example.com,68,Male,Kandy,760493924,regular_shoppers,user
Tricia Rajapaksa,user0832@example.com,48,Female,Matara,738747971,regular_shoppers,user
Allison Garcia,user0833@example.com,53,Female,,774992661,regular_shoppers,user
Sarah Rajapaksa,user0834@example.com,74,Male,Moratuwa,749650228,regular_shoppers,user
Shannon Adams,user0835@example.com,74,Female,Gampaha,752802832,occasional_shoppers,user
Nimal Shaffer,user0836@example.com,43,Female,Moratuwa,778113806,occasional_shoppers,user
Rebecca Wijesinghe,user0837@example.com,44,Female,Ratnapura,717332766,occasional_shoppers,user
Linda Peterson,user0838@example.com,39,Male,Trincomalee,724806311,frequent_shoppers,user
Nethmi Jayasinghe,user0839@example.com,56,Female,,784208202,occasional_shoppers,user
Gabrielle Gunasekara,user0840@example.com,,Female,Vavuniya,760181317,occasional_shoppers,user
Jessica Garcia,user0841@example.com,64,Male,Kilinochchi,747995659,regular_shoppers,user
Kim Hill,user0842@example.com,67,Male,Nuwara Eliya,720271291,frequent_shoppers,user
Gabrielle Perera,user0843@example.com,66,Male,Vavuniya,791294547,frequent_shoppers,user
Kim Dissanayake,user0844@example.com,50,Male,Jaffna,767651154,occasional_shoppers,user
Monica Adams,user0845@example.com,53,Male,Kilinochchi,760028002,frequent_shoppers,user
Buddhika Silva,user0846@example.com,46,Other,Trincomalee,754618734,regular_shoppers,user
Andrew Dissanayake,user0847@example.com,23,Male,Moratuwa,773554061,frequent_shoppers,user
Sarah De Silva,user0848@example.com,66,Female,Matara,785874940,occasional_shoppers,user
Sachini Garcia,user0849@example.com,35,Female,Vavuniya,774826670,rare_shoppers,user
Cynthia Silva,user0850@example.com,64,Male,Nuwara Eliya,732306580,frequent_shoppers,user
Zachary Brooks,user0851@example.com,25,,Kurunegala,783428512,regular_shoppers,user
Angela Hicks,user0852@example.com,,Other,Batticaloa,732272851,regular_shoppers,user
Andrew Stewart,user0853@example.com,31,Female,Batticaloa,728164926,regular_shoppers,user
Jennifer Perera,user0854@example.com,48,,Negombo,735189235,rare_shoppers,user
Zachary Wickramasinghe,user0855@example.com,47,Male,Kurunegala,711896427,regular_shoppers,user
Zachary Nelson,user0856@example.com,73,Female,Nuwara Eliya,730457708,regular_shoppers,user
Shannon De Silva,user0857@example.com,29,Male,Nuwara Eliya,792662979,occasional_shoppers,user
Nimal Amarasinghe,user0858@example.com,28,,Anuradhapura,773815697,occasional_shoppers,user
Allison Rocha,user0859@example.com,21,Female,Moratuwa,762780673,regular_shoppers,user
Victoria Seneviratne,user0860@example.com,48,Female,Galle,747277197,occasional_shoppers,user
Roshan Davis,user0861@example.com,53,Female,Jaffna,759081701,regular_shoppers,user
Michael Seneviratne,user0862@example.com,64,Female,Anuradhapura,758451442,frequent_shoppers,user
Sarah Ray,user0863@example.com,,Male,Batticaloa,746903354,frequent_shoppers,user
Chamara Peterson,user0864@example.com,62,Male,Colombo,773545170,rare_shoppers,user
Thilini Herath,user0865@example.com,52,Male,,727669523,frequent_shoppers,user
Monica Garcia,user0866@example.com,25,Female,Jaffna,712238007,regular_shoppers,user
Jessica Bandara,user0867@example.com,75,Female,Badulla,799620191,rare_shoppers,user
Nimal Henderson,user0868@example.com,70,Male,Kurunegala,764928808,regular_shoppers,user
Kimberly Gunasekara,user0869@example.com,71,Male,Jaffna,772143529,regular_shoppers,user
Monica Shaffer,user0870@example.com,29,Male,Colombo,771787010,occasional_shoppers,user
Monica Wijesinghe,user0871@example.com,33,Female,Anuradhapura,748530763,occasional_shoppers,user
Kimberly Nelson,user0872@example.com,38,Female,Anuradhapura,775751340,regular_shoppers,user
Crystal Fernando,user0873@example.com,67,Male,Kurunegala,786331139,,user
Rebecca Wickramasinghe,user0874@example.com,59,Female,Kilinochchi,738282626,occasional_shoppers,user
Mark Ray,user0875@example.com,20,Female,Moratuwa,798356175,regular_shoppers,user
Dilshan Wijesinghe,user0876@example.com,,Female,Colombo,723449648,regular_shoppers,user
Kimberly Amarasinghe,user0877@example.com,28,Male,,773561767,regular_shoppers,user
Patricia Nelson,user0878@example.com,56,Female,Trincomalee,767162555,rare_shoppers,user
Linda Fernando,user0879@example.com,19,Male,Kilinochchi,754714248,rare_shoppers,user
Abigail Santos,user0880@example.com,67,Male,Gampaha,733094634,,user
Kim Stewart,user0881@example.com,33,Male,Negombo,731384884,occasional_shoppers,user
Crystal Shaffer,user0882@example.com,61,Male,Nuwara Eliya,752729112,occasional_shoppers,user
Buddhika Amarasinghe,user0883@example.com,67,Male,Kalutara,788709162,regular_shoppers,user
Angie Adams,user0884@example.com,29,Male,Colombo,728532770,occasional_shoppers,user
Kevin Ray,user0885@example.com,,Male,Kurunegala,774512027,regular_shoppers,user
Cristian Nelson,user0886@example.com,44,Male,Jaffna,764287520,frequent_shoppers,user
Allison Herrera,user0887@example.com,54,Female,,750661866,occasional_shoppers,user
Tammy Nelson,user0888@example.com,25,Female,Badulla,724988380,occasional_shoppers,user
Kimberly Garcia,user0889@example.com,42,Male,,792479493,occasional_shoppers,user
Isuru Herath,user0890@example.com,21,Male,Gampaha,755293348,occasional_shoppers,user
Sunil Stewart,user0891@example.com,19,Male,Colombo,757948542,regular_shoppers,user
Isuru Henderson,user0892@example.com,43,Male,Negombo,771475863,regular_shoppers,user
Kumari Jayasinghe,user0893@example.com,70,Female,Gampaha,729696511,,user
Sachini De Silva,user0894@example.com,74,Female,Ratnapura,734686713,occasional_shoppers,user
Thilini Nelson,user0895@example.com,65,Female,Jaffna,782364511,regular_shoppers,user
Patricia Wickramasinghe,user0896@example.com,41,Male,Batticaloa,716139411,occasional_shoppers,user
Sachini Hicks,user0897@example.com,61,Male,Kalutara,795209019,regular_shoppers,user
Lisa Shaffer,user0898@example.com,19,Male,Gampaha,773834338,regular_shoppers,user
Priya Hill,user0899@example.com,38,Male,Moratuwa,714330737,occasional_shoppers,user
Nimal Herath,user0900@example.com,23,Female,Anuradhapura,752323961,regular_shoppers,user
Carmen Rajapaksa,user0901@example.com,27,Male,Kalutara,775868272,occasional_shoppers,user
Patricia Hicks,user0902@example.com,26,Female,Nuwara Eliya,731356391,rare_shoppers,user
Thilini Hicks,user0903@example.com,40,Male,Ratnapura,781472067,regular_shoppers,user
Connor Adams,user0904@example.com,49,Male,Kurunegala,754836082,frequent_shoppers,user
Buddhika Brooks,user0905@example.com,61,Male,Kalutara,793204293,regular_shoppers,user
Cynthia Santos,user0906@example.com,64,Male,Kurunegala,713049361,regular_shoppers,user
Thilini Jayasinghe,user0907@example.com,59,Female,Kurunegala,736814729,occasional_shoppers,user
Lisa Davis,user0908@example.com,75,,Gampaha,771928895,regular_shoppers,user
Cynthia Gunasekara,user0909@example.com,56,Female,Trincomalee,764538931,rare_shoppers,user
Sarah Peterson,user0910@example.com,22,Female,Vavuniya,768857308,occasional_shoppers,user
Lauren Bandara,user0911@example.com,36,Female,Kandy,769061948,occasional_shoppers,user
Tammy Dissanayake,user0912@example.com,27,Female,Jaffna,742624124,regular_shoppers,user
Lauren Ray,user0913@example.com,39,Male,Moratuwa,769682874,occasional_shoppers,user
Jessica Dissanayake,user0914@example.com,34,Female,Negombo,749086658,frequent_shoppers,user
Kim Wickramasinghe,user0915@example.com,58,Female,Negombo,761570031,occasional_shoppers,user
Mark Gunasekara,user0916@example.com,72,Male,Batticaloa,793008294,regular_shoppers,user
Jennifer Burgess,user0917@example.com,55,Male,Moratuwa,760985606,occasional_shoppers,user
Allison Rajapaksa,user0918@example.com,39,Male,Jaffna,795716350,regular_shoppers,user
Allison Bandara,user0919@example.com,70,Female,Anuradhapura,778104290,frequent_shoppers,user
Gabrielle Nelson,user0920@example.com,52,Female,Kandy,734519519,regular_shoppers,user
Kumari Amarasinghe,user0921@example.com,33,Female,Batticaloa,718545499,frequent_shoppers,user
Joel Perera,user0922@example.com,31,Female,Gampaha,795081383,occasional_shoppers,user
Gabrielle Ray,user0923@example.com,46,Male,Anuradhapura,724968484,regular_shoppers,user
Isuru Wijesinghe,user0924@example.com,59,Female,Gampaha,776116342,regular_shoppers,user
Tharaka Herrera,user0925@example.com,48,Female,Vavuniya,769061679,regular_shoppers,user
Daniel Seneviratne,user0926@example.com,49,,Kilinochchi,750888220,frequent_shoppers,user
Shannon Amarasinghe,user0927@example.com,39,Female,Jaffna,781189018,regular_shoppers,user
Lauren Shaffer,user0928@example.com,57,Female,Anuradhapura,731089988,occasional_shoppers,user
Lisa Perera,user0929@example.com,59,Male,Trincomalee,751101815,regular_shoppers,user
Jessica De Silva,user0930@example.com,65,Male,Kalutara,764866566,,user
Crystal Gunasekara,user0931@example.com,47,Male,Anuradhapura,767377856,regular_shoppers,user
Victoria Rocha,user0932@example.com,65,Male,Batticaloa,789583095,regular_shoppers,user
Lauren Henderson,user0933@example.com,42,Female,Batticaloa,795849506,regular_shoppers,user
Jessica Nelson,user0934@example.com,46,Male,Galle,730188973,occasional_shoppers,user
Dilshan Stewart,user0935@example.com,53,Male,Batticaloa,719127329,occasional_shoppers,user
Kumari Wickramasinghe,user0936@example.com,72,Female,Anuradhapura,736707338,regular_shoppers,user
Sunil Wickramasinghe,user0937@example.com,56,Male,Kalutara,718091497,occasional_shoppers,user
Cynthia Burgess,user0938@example.com,,Male,Ratnapura,720140494,regular_shoppers,user
Kavinda Santos,user0939@example.com,67,Male,Galle,767840690,regular_shoppers,user
Linda Brooks,user0940@example.com,74,Male,Kurunegala,768035365,regular_shoppers,user
Angie Hicks,user0941@example.com,18,Male,,753838097,frequent_shoppers,user
Anil Brooks,user0942@example.com,30,Female,Negombo,713519791,frequent_shoppers,user
Anil Jayasinghe,user0943@example.com,20,Female,Ratnapura,731916266,rare_shoppers,user
Tammy Nelson,user0944@example.com,31,Male,Gampaha,737995717,rare_shoppers,user
Victoria Henderson,user0945@example.com,43,Female,Jaffna,738137132,frequent_shoppers,user
Daniel Peterson,user0946@example.com,40,Male,Galle,771331294,regular_shoppers,user
Angie Hill,user0947@example.com,44,Female,Matara,721334884,regular_shoppers,user
Chamara Gunasekara,user0948@example.com,74,Female,Ratnapura,711244728,,user
Joel Perera,user0949@example.com,62,Male,Anuradhapura,731136969,occasional_shoppers,user
Angela Herrera,user0950@example.com,51,Female,Kurunegala,737390737,rare_shoppers,user
Kim Hicks,user0951@example.com,71,Male,Ratnapura,729373095,,user
Angela Henderson,user0952@example.com,66,Female,Colombo,725087493,regular_shoppers,user
Lauren Brooks,user0953@example.com,72,Male,Colombo,798097063,regular_shoppers,user
Anil Burgess,user0954@example.com,60,Male,Anuradhapura,721031218,regular_shoppers,user
Thilini Shaffer,user0955@example.com,36,Male,Kurunegala,779782068,regular_shoppers,user
Sarah Fernando,user0956@example.com,35,Male,Negombo,761677853,rare_shoppers,user
Tharaka Henderson,user0957@example.com,29,,Trincomalee,756157714,regular_shoppers,user
Zachary Gunasekara,user0958@example.com,54,Other,Batticaloa,779053800,frequent_shoppers,user
Jessica Rocha,user0959@example.com,29,Female,Vavuniya,745280921,frequent_shoppers,user
Gabrielle Dissanayake,user0960@example.com,59,,Jaffna,749689985,regular_shoppers,user
Joel Herath,user0961@example.com,46,Other,Kilinochchi,739777154,occasional_shoppers,user
Angie Ray,user0962@example.com,40,Female,Kilinochchi,781252175,occasional_shoppers,user
Jennifer Burgess,user0963@example.com,61,Female,Negombo,747369085,rare_shoppers,user
Abigail Hicks,user0964@example.com,75,Male,Ratnapura,784592492,rare_shoppers,user
Nimal Stewart,user0965@example.com,64,Female,Kalutara,742542841,regular_shoppers,user
Connor Dissanayake,user0966@example.com,44,Male,Galle,726572053,rare_shoppers,user
Isuru De Silva,user0967@example.com,61,Male,Ratnapura,780362430,,user
Shannon Seneviratne,user0968@example.com,48,Male,Vavuniya,755818870,regular_shoppers,user
Linda Henderson,user0969@example.com,75,Female,Kurunegala,740149786,occasional_shoppers,user
Sarah Shaffer,user0970@example.com,64,Female,Moratuwa,724118375,rare_shoppers,user
Linda Bandara,user0971@example.com,35,Female,Batticaloa,775169251,frequent_shoppers,user
Patricia Fernando,user0972@example.com,55,Male,Moratuwa,799597988,occasional_shoppers,user
Victoria Henderson,user0973@example.com,55,Female,Jaffna,791041439,occasional_shoppers,user
Angela Bandara,user0974@example.com,65,,Gampaha,763511633,regular_shoppers,user
Tharaka De Silva,user0975@example.com,60,Male,Ratnapura,744026103,rare_shoppers,user
Crystal Bandara,user0976@example.com,40,Male,Kandy,731554308,occasional_shoppers,user
Rebecca Silva,user0977@example.com,53,Female,Kurunegala,782240647,occasional_shoppers,user
Thilini Dissanayake,user0978@example.com,32,Male,Galle,761364639,regular_shoppers,user
Zachary Nelson,user0979@example.com,49,Female,Kurunegala,751678306,regular_shoppers,user
Cynthia Wickramasinghe,user0980@example.com,36,Female,Galle,729564306,frequent_shoppers,user
Roshan Rocha,user0981@example.com,43,Male,Matara,769396183,rare_shoppers,user
Cristian Adams,user0982@example.com,60,Male,Trincomalee,749834900,regular_shoppers,user
Patricia Hill,user0983@example.com,48,Male,Anuradhapura,761956191,occasional_shoppers,user
Thilini Nelson,user0984@example.com,41,Male,Trincomalee,743137733,regular_shoppers,user
Anil Fernando,user0985@example.com,68,Female,Jaffna,796565865,regular_shoppers,user
Priya Bandara,user0986@example.com,47,Female,Gampaha,770192392,regular_shoppers,user
Priya Gunasekara,user0987@example.com,40,Female,Badulla,713701318,occasional_shoppers,user
Roshan Jayasinghe,user0988@example.com,63,Male,Gampaha,786484960,occasional_shoppers,user
Cynthia Garcia,user0989@example.com,52,Female,Kandy,719531256,regular_shoppers,user
Nethmi Santos,user0990@example.com,64,Male,Kurunegala,754532115,frequent_shoppers,user
Monica Shaffer,user0991@example.com,54,Female,Nuwara Eliya,751767937,frequent_shoppers,user
Crystal Herrera,user0992@example.com,74,Male,Anuradhapura,722620209,rare_shoppers,user
Sarah Nelson,user0993@example.com,,Other,Badulla,753870361,frequent_shoppers,user
Victoria Stewart,user0994@example.com,,Female,Kurunegala,756338397,regular_shoppers,user
Shannon Herath,user0995@example.com,27,Female,Kurunegala,715204195,occasional_shoppers,user
Anil Wijesinghe,user0996@example.com,25,Male,Badulla,776793593,regular_shoppers,user
Zachary Jayasinghe,user0997@example.com,57,Female,Vavuniya,718786373,occasional_shoppers,user
Jessica Adams,user0998@example.com,33,Female,Kandy,798538069,rare_shoppers,user
Roshan Seneviratne,user0999@example.com,24,Male,Kilinochchi,783334032,occasional_shoppers,user
Chamara Ray,user1000@example.com,26,Male,Kalutara,724001392,regular_shoppers,user
